Player,Team,Affiliation,Year,Round Number,Round Pick,Overall Pick,Team Abbreviation
Zaccharie Risacher,Atlanta Hawks,JL Bourg (France),2024,1,1,1,ATL
Alex Sarr,Washington Wizards,Perth Wildcats (Australia),2024,1,2,2,WAS
Reed Sheppard,Houston Rockets,Kentucky,2024,1,3,3,HOU
Stephon Castle,San Antonio Spurs,Connecticut,2024,1,4,4,SAS
Ronald Holland II,Detroit Pistons,Ignite (G League),2024,1,5,5,DET
Tidjane Salaün,Charlotte Hornets,Cholet Basket (France),2024,1,6,6,CHA
Donovan Clingan,Portland Trail Blazers,Connecticut,2024,1,7,7,POR
Rob Dillingham,San Antonio Spurs,Kentucky,2024,1,8,8,SAS
Zach Edey,Memphis Grizzlies,Purdue,2024,1,9,9,MEM
Cody Williams,Utah Jazz,Colorado,2024,1,10,10,UTA
Matas Buzelis,Chicago Bulls,Ignite (G League),2024,1,11,11,CHI
Nikola Topić,Oklahoma City Thunder,KK Crvena zvezda (Serbia),2024,1,12,12,OKC
Devin Carter,Sacramento Kings,Providence,2024,1,13,13,SAC
Bub Carrington,Portland Trail Blazers,Pittsburgh,2024,1,14,14,POR
Kel'el Ware,Miami Heat,Indiana,2024,1,15,15,MIA
Jared McCain,Philadelphia 76Ers,Duke,2024,1,16,16,PHI
Dalton Knecht,Los Angeles Lakers,Tennessee,2024,1,17,17,LAL
Tristan da Silva,Orlando Magic,Colorado,2024,1,18,18,ORL
Ja'Kobe Walter,Toronto Raptors,Baylor,2024,1,19,19,TOR
Jaylon Tyson,Cleveland Cavaliers,California,2024,1,20,20,CLE
Yves Missi,New Orleans Pelicans,Baylor,2024,1,21,21,NOP
DaRon Holmes II,Phoenix Suns,Dayton,2024,1,22,22,PHX
AJ Johnson,Milwaukee Bucks,Illawarra (Australia),2024,1,23,23,MIL
Kyshawn George,New York Knicks,Miami (FL),2024,1,24,24,NYK
Pacôme Dadiet,New York Knicks,Ratiopharm Ulm (Germany),2024,1,25,25,NYK
Dillon Jones,Washington Wizards,Weber State,2024,1,26,26,WAS
Terrence Shannon Jr.,Minnesota Timberwolves,Illinois,2024,1,27,27,MIN
Ryan Dunn,Denver Nuggets,Virginia,2024,1,28,28,DEN
Isaiah Collier,Utah Jazz,Southern California,2024,1,29,29,UTA
Baylor Scheierman,Boston Celtics,Creighton,2024,1,30,30,BOS
Jonathan Mogbo,Toronto Raptors,San Francisco,2024,2,1,31,TOR
Kyle Filipowski,Utah Jazz,Duke,2024,2,2,32,UTA
Tyler Smith,Milwaukee Bucks,Ignite (G League),2024,2,3,33,MIL
Tyler Kolek,Portland Trail Blazers,Marquette,2024,2,4,34,POR
Johnny Furphy,San Antonio Spurs,Kansas,2024,2,5,35,SAS
Juan Nunez,Indiana Pacers,Ratiopharm Ulm (Germany),2024,2,6,36,IND
Bobi Klintman,Minnesota Timberwolves,Cairns Taipans (Australia),2024,2,7,37,MIN
Ajay Mitchell,New York Knicks,California-Santa Barbara,2024,2,8,38,NYK
Jaylen Wells,Memphis Grizzlies,Washington State,2024,2,9,39,MEM
Oso Ighodaro,Portland Trail Blazers,Marquette,2024,2,10,40,POR
Adem Bona,Philadelphia 76Ers,California-Los Angeles,2024,2,11,41,PHI
KJ Simpson,Charlotte Hornets,Colorado,2024,2,12,42,CHA
Nikola Djurisic,Miami Heat,KK Mega Leks (Serbia),2024,2,13,43,MIA
Pelle Larsson,Houston Rockets,Arizona,2024,2,14,44,HOU
Jamal Shead,Sacramento Kings,Houston,2024,2,15,45,SAC
Cam Christie,La Clippers,Minnesota,2024,2,16,46,LAC
Antonio Reeves,Orlando Magic,Kentucky,2024,2,17,47,ORL
Harrison Ingram,San Antonio Spurs,North Carolina,2024,2,18,48,SAS
Tristen Newton,Indiana Pacers,Connecticut,2024,2,19,49,IND
Enrique Freeman,Indiana Pacers,Akron,2024,2,20,50,IND
Melvin Ajinca,New York Knicks,Saint-Quentin BB (France),2024,2,21,51,NYK
Quinten Post,Golden State Warriors,Boston College,2024,2,22,52,GSW
Cam Spencer,Detroit Pistons,Connecticut,2024,2,23,53,DET
Anton Watson,Boston Celtics,Gonzaga,2024,2,24,54,BOS
Bronny James,Los Angeles Lakers,Southern California,2024,2,25,55,LAL
Kevin McCullar Jr.,Phoenix Suns,Kansas,2024,2,26,56,PHX
Ulrich Chomche,Memphis Grizzlies,APR BBC (Rwanda),2024,2,27,57,MEM
Ariel Hukporti,Dallas Mavericks,MHP Riesen (Germany),2024,2,28,58,DAL
Victor Wembanyama,San Antonio Spurs,Metropolitans 92 (France),2023,1,1,1,SAS
Brandon Miller,Charlotte Hornets,Alabama,2023,1,2,2,CHA
Scoot Henderson,Portland Trail Blazers,Ignite (G League),2023,1,3,3,POR
Amen Thompson,Houston Rockets,Overtime Elite,2023,1,4,4,HOU
Ausar Thompson,Detroit Pistons,Overtime Elite,2023,1,5,5,DET
Anthony Black,Orlando Magic,Arkansas,2023,1,6,6,ORL
Bilal Coulibaly,Indiana Pacers,Metropolitans 92 (France),2023,1,7,7,IND
Jarace Walker,Washington Wizards,Houston,2023,1,8,8,WAS
Taylor Hendricks,Utah Jazz,Central Florida,2023,1,9,9,UTA
Cason Wallace,Dallas Mavericks,Kentucky,2023,1,10,10,DAL
Jett Howard,Orlando Magic,Michigan,2023,1,11,11,ORL
Dereck Lively II,Oklahoma City Thunder,Duke,2023,1,12,12,OKC
Gradey Dick,Toronto Raptors,Kansas,2023,1,13,13,TOR
Jordan Hawkins,New Orleans Pelicans,Connecticut,2023,1,14,14,NOP
Kobe Bufkin,Atlanta Hawks,Michigan,2023,1,15,15,ATL
Keyonte George,Utah Jazz,Baylor,2023,1,16,16,UTA
Jalen Hood-Schifino,Los Angeles Lakers,Indiana,2023,1,17,17,LAL
Jaime Jaquez Jr.,Miami Heat,California-Los Angeles,2023,1,18,18,MIA
Brandin Podziemski,Golden State Warriors,Santa Clara,2023,1,19,19,GSW
Cam Whitmore,Houston Rockets,Villanova,2023,1,20,20,HOU
Noah Clowney,Brooklyn Nets,Alabama,2023,1,21,21,BKN
Dariq Whitehead,Brooklyn Nets,Duke,2023,1,22,22,BKN
Kris Murray,Portland Trail Blazers,Iowa,2023,1,23,23,POR
Olivier-Maxence Prosper,Sacramento Kings,Marquette,2023,1,24,24,SAC
Marcus Sasser,Memphis Grizzlies,Houston,2023,1,25,25,MEM
Ben Sheppard,Indiana Pacers,Belmont,2023,1,26,26,IND
Nick Smith Jr.,Charlotte Hornets,Arkansas,2023,1,27,27,CHA
Brice Sensabaugh,Utah Jazz,Ohio State,2023,1,28,28,UTA
Julian Strawther,Indiana Pacers,Gonzaga,2023,1,29,29,IND
Kobe Brown,La Clippers,Missouri,2023,1,30,30,LAC
James Nnaji,Detroit Pistons,FC Barcelona Basquet (Spain),2023,2,1,31,DET
Jalen Pickett,Indiana Pacers,Penn State,2023,2,2,32,IND
Leonard Miller,San Antonio Spurs,Ignite (G League),2023,2,3,33,SAS
Colby Jones,Charlotte Hornets,Xavier,2023,2,4,34,CHA
Julian Phillips,Boston Celtics,Tennessee,2023,2,5,35,BOS
Andre Jackson Jr.,Orlando Magic,Connecticut,2023,2,6,36,ORL
Hunter Tyson,Oklahoma City Thunder,Clemson,2023,2,7,37,OKC
Jordan Walsh,Sacramento Kings,Arkansas,2023,2,8,38,SAC
Mouhamed Gueye,Charlotte Hornets,Washington State,2023,2,9,39,CHA
Maxwell Lewis,Denver Nuggets,Pepperdine,2023,2,10,40,DEN
Amari Bailey,Charlotte Hornets,California-Los Angeles,2023,2,11,41,CHA
Tristan Vukcevic,Washington Wizards,Real Madrid Baloncesto (Spain),2023,2,12,42,WAS
Rayan Rupert,Portland Trail Blazers,Breakers (New Zealand),2023,2,13,43,POR
Sidy Cissoko,San Antonio Spurs,Ignite (G League),2023,2,14,44,SAS
GG Jackson,Memphis Grizzlies,South Carolina,2023,2,15,45,MEM
Seth Lundy,Atlanta Hawks,Penn State,2023,2,16,46,ATL
Mojave King,Los Angeles Lakers,Ignite (G League),2023,2,17,47,LAL
Jordan Miller,La Clippers,Miami (FL),2023,2,18,48,LAC
Emoni Bates,Cleveland Cavaliers,Eastern Michigan,2023,2,19,49,CLE
Keyontae Johnson,Oklahoma City Thunder,Kansas State,2023,2,20,50,OKC
Jalen Wilson,Brooklyn Nets,Kansas,2023,2,21,51,BKN
Toumani Camara,Phoenix Suns,Dayton,2023,2,22,52,PHX
Jaylen Clark,Minnesota Timberwolves,California-Los Angeles,2023,2,23,53,MIN
Jalen Slawson,Sacramento Kings,Furman,2023,2,24,54,SAC
Isaiah Wong,Indiana Pacers,Miami (FL),2023,2,25,55,IND
Tarik Biberovic,Memphis Grizzlies,Fenerbahce S.K. (Turkey),2023,2,26,56,MEM
Trayce Jackson-Davis,Washington Wizards,Indiana,2023,2,27,57,WAS
Chris Livingston,Milwaukee Bucks,Kentucky,2023,2,28,58,MIL
Paolo Banchero,Orlando Magic,Duke,2022,1,1,1,ORL
Chet Holmgren,Oklahoma City Thunder,Gonzaga,2022,1,2,2,OKC
Jabari Smith Jr.,Houston Rockets,Auburn,2022,1,3,3,HOU
Keegan Murray,Sacramento Kings,Iowa,2022,1,4,4,SAC
Jaden Ivey,Detroit Pistons,Purdue,2022,1,5,5,DET
Bennedict Mathurin,Indiana Pacers,Arizona,2022,1,6,6,IND
Shaedon Sharpe,Portland Trail Blazers,Kentucky,2022,1,7,7,POR
Dyson Daniels,New Orleans Pelicans,Ignite (G League),2022,1,8,8,NOP
Jeremy Sochan,San Antonio Spurs,Baylor,2022,1,9,9,SAS
Johnny Davis,Washington Wizards,Wisconsin,2022,1,10,10,WAS
Ousmane Dieng,New York Knicks,Breakers (New Zealand),2022,1,11,11,NYK
Jalen Williams,Oklahoma City Thunder,Santa Clara,2022,1,12,12,OKC
Jalen Duren,Charlotte Hornets,Memphis,2022,1,13,13,CHA
Ochai Agbaji,Cleveland Cavaliers,Kansas,2022,1,14,14,CLE
Mark Williams,Charlotte Hornets,Duke,2022,1,15,15,CHA
AJ Griffin,Atlanta Hawks,Duke,2022,1,16,16,ATL
Tari Eason,Houston Rockets,Louisiana State,2022,1,17,17,HOU
Dalen Terry,Chicago Bulls,Arizona State,2022,1,18,18,CHI
Jake LaRavia,Minnesota Timberwolves,Wake Forest,2022,1,19,19,MIN
Malaki Branham,San Antonio Spurs,Ohio State,2022,1,20,20,SAS
Christian Braun,Denver Nuggets,Kansas,2022,1,21,21,DEN
Walker Kessler,Memphis Grizzlies,Auburn,2022,1,22,22,MEM
David Roddy,Philadelphia 76Ers,Colorado State,2022,1,23,23,PHI
MarJon Beauchamp,Milwaukee Bucks,Ignite (G League),2022,1,24,24,MIL
Blake Wesley,San Antonio Spurs,Notre Dame,2022,1,25,25,SAS
Wendell Moore Jr.,Dallas Mavericks,Duke,2022,1,26,26,DAL
Nikola Jović,Miami Heat,KK Mega Leks (Serbia),2022,1,27,27,MIA
Patrick Baldwin Jr.,Golden State Warriors,Wisconsin-Milwaukee,2022,1,28,28,GSW
TyTy Washington Jr.,Memphis Grizzlies,Kentucky,2022,1,29,29,MEM
Peyton Watson,Oklahoma City Thunder,California-Los Angeles,2022,1,30,30,OKC
Andrew Nembhard,Indiana Pacers,Gonzaga,2022,2,1,31,IND
Caleb Houstan,Orlando Magic,Michigan,2022,2,2,32,ORL
Christian Koloko,Toronto Raptors,Arizona,2022,2,3,33,TOR
Jaylin Williams,Oklahoma City Thunder,Arkansas,2022,2,4,34,OKC
Max Christie,Los Angeles Lakers,Michigan State,2022,2,5,35,LAL
Gabriele Procida,Portland Trail Blazers,Fortitudo Pallacanestro Bologna (Italy),2022,2,6,36,POR
Jaden Hardy,Sacramento Kings,Ignite (G League),2022,2,7,37,SAC
Kennedy Chandler,San Antonio Spurs,Tennessee,2022,2,8,38,SAS
Khalifa Diop,Cleveland Cavaliers,CB Gran Canaria (Spain),2022,2,9,39,CLE
Bryce McGowens,Minnesota Timberwolves,Nebraska,2022,2,10,40,MIN
E.J. Liddell,New Orleans Pelicans,Ohio State,2022,2,11,41,NOP
Trevor Keels,New York Knicks,Duke,2022,2,12,42,NYK
Moussa Diabaté,La Clippers,Michigan,2022,2,13,43,LAC
Ryan Rollins,Atlanta Hawks,Toledo,2022,2,14,44,ATL
Josh Minott,Charlotte Hornets,Memphis,2022,2,15,45,CHA
Ismael Kamagate,Detroit Pistons,Paris (France),2022,2,16,46,DET
Vince Williams Jr.,Memphis Grizzlies,Virginia Commonwealth,2022,2,17,47,MEM
Kendall Brown,Minnesota Timberwolves,Baylor,2022,2,18,48,MIN
Isaiah Mobley,Cleveland Cavaliers,Southern California,2022,2,19,49,CLE
Matteo Spagnolo,Minnesota Timberwolves,Vanoli Cremona (Italy),2022,2,20,50,MIN
Tyrese Martin,Golden State Warriors,Connecticut,2022,2,21,51,GSW
Karlo Matković,New Orleans Pelicans,Mega Mozzart (Serbia),2022,2,22,52,NOP
JD Davison,Boston Celtics,Alabama,2022,2,23,53,BOS
Yannick Nzosa,Washington Wizards,Unicaja Baloncesto Malaga (Spain),2022,2,24,54,WAS
Gui Santos,Golden State Warriors,Associacao Atletica Ponte Preta (Brazil),2022,2,25,55,GSW
Luke Travers,Cleveland Cavaliers,Perth Wildcats (Australia),2022,2,26,56,CLE
Jabari Walker,Portland Trail Blazers,Colorado,2022,2,27,57,POR
Hugo Besson,Indiana Pacers,Breakers (New Zealand),2022,2,28,58,IND
Cade Cunningham,Detroit Pistons,Oklahoma State,2021,1,1,1,DET
Jalen Green,Houston Rockets,Ignite (G League),2021,1,2,2,HOU
Evan Mobley,Cleveland Cavaliers,Southern California,2021,1,3,3,CLE
Scottie Barnes,Toronto Raptors,Florida State,2021,1,4,4,TOR
Jalen Suggs,Orlando Magic,Gonzaga,2021,1,5,5,ORL
Josh Giddey,Oklahoma City Thunder,NBA Global Academy (Australia),2021,1,6,6,OKC
Jonathan Kuminga,Golden State Warriors,Ignite (G League),2021,1,7,7,GSW
Franz Wagner,Orlando Magic,Michigan,2021,1,8,8,ORL
Davion Mitchell,Sacramento Kings,Baylor,2021,1,9,9,SAC
Ziaire Williams,New Orleans Pelicans,Stanford,2021,1,10,10,NOP
James Bouknight,Charlotte Hornets,Connecticut,2021,1,11,11,CHA
Joshua Primo,San Antonio Spurs,Alabama,2021,1,12,12,SAS
Chris Duarte,Indiana Pacers,Oregon,2021,1,13,13,IND
Moses Moody,Golden State Warriors,Arkansas,2021,1,14,14,GSW
Corey Kispert,Washington Wizards,Gonzaga,2021,1,15,15,WAS
Alperen Sengun,Oklahoma City Thunder,Besiktas (Turkey),2021,1,16,16,OKC
Trey Murphy III,Memphis Grizzlies,Virginia,2021,1,17,17,MEM
Tre Mann,Oklahoma City Thunder,Florida,2021,1,18,18,OKC
Kai Jones,New York Knicks,Texas,2021,1,19,19,NYK
Jalen Johnson,Atlanta Hawks,Duke,2021,1,20,20,ATL
Keon Johnson,New York Knicks,Tennessee,2021,1,21,21,NYK
Isaiah Jackson,Los Angeles Lakers,Kentucky,2021,1,22,22,LAL
Usman Garuba,Houston Rockets,Madrid (ESP),2021,1,23,23,HOU
Josh Christopher,Houston Rockets,Arizona State,2021,1,24,24,HOU
Quentin Grimes,La Clippers,Houston,2021,1,25,25,LAC
Bones Hyland,Denver Nuggets,Virginia Commonwealth,2021,1,26,26,DEN
Cam Thomas,Brooklyn Nets,Louisiana State,2021,1,27,27,BKN
Jaden Springer,Philadelphia 76Ers,Tennessee,2021,1,28,28,PHI
Day'Ron Sharpe,Phoenix Suns,North Carolina,2021,1,29,29,PHX
Santi Aldama,Utah Jazz,Loyola-Maryland,2021,1,30,30,UTA
Isaiah Todd,Milwaukee Bucks,Ignite (G League),2021,2,1,31,MIL
Jeremiah Robinson-Earl,New York Knicks,Villanova,2021,2,2,32,NYK
Jason Preston,Orlando Magic,Ohio,2021,2,3,33,ORL
Rokas Jokubaitis,Oklahoma City Thunder,BC Zalgiris (Lithuania),2021,2,4,34,OKC
Herbert Jones,New Orleans Pelicans,Alabama,2021,2,5,35,NOP
Miles McBride,Oklahoma City Thunder,West Virginia,2021,2,6,36,OKC
JT Thor,Detroit Pistons,Auburn,2021,2,7,37,DET
Ayo Dosunmu,Chicago Bulls,Illinois,2021,2,8,38,CHI
Neemias Queta,Sacramento Kings,Utah State,2021,2,9,39,SAC
Jared Butler,Sacramento Kings,Baylor,2021,2,10,40,SAC
Joe Wieskamp,San Antonio Spurs,Iowa,2021,2,11,41,SAS
Isaiah Livers,Detroit Pistons,Michigan,2021,2,12,42,DET
Greg Brown III,New Orleans Pelicans,Texas,2021,2,13,43,NOP
Kessler Edwards,Brooklyn Nets,Pepperdine,2021,2,14,44,BKN
Juhann Begarin,Boston Celtics,Paris (France),2021,2,15,45,BOS
Dalano Banton,Toronto Raptors,Nebraska,2021,2,16,46,TOR
David Johnson,Toronto Raptors,Louisville,2021,2,17,47,TOR
Sharife Cooper,Atlanta Hawks,Auburn,2021,2,18,48,ATL
Marcus Zegarowski,Brooklyn Nets,Creighton,2021,2,19,49,BKN
Filip Petrusev,Philadelphia 76Ers,KK Mega Leks (Serbia),2021,2,20,50,PHI
Brandon Boston,Memphis Grizzlies,Kentucky,2021,2,21,51,MEM
Luka Garza,Detroit Pistons,Iowa,2021,2,22,52,DET
Charles Bassey,Philadelphia 76Ers,Western Kentucky,2021,2,23,53,PHI
Sandro Mamukelashvili,Indiana Pacers,Seton Hall,2021,2,24,54,IND
Aaron Wiggins,Oklahoma City Thunder,Maryland,2021,2,25,55,OKC
Scottie Lewis,Charlotte Hornets,Florida,2021,2,26,56,CHA
Balsa Koprivica,Charlotte Hornets,Florida State,2021,2,27,57,CHA
Jericho Sims,New York Knicks,Texas,2021,2,28,58,NYK
RaiQuan Gray,Brooklyn Nets,Florida State,2021,2,29,59,BKN
Georgios Kalaitzakis,Indiana Pacers,BC Nevezis (Greece),2021,2,30,60,IND
Anthony Edwards,Minnesota Timberwolves,Georgia,2020,1,1,1,MIN
James Wiseman,Golden State Warriors,Memphis,2020,1,2,2,GSW
LaMelo Ball,Charlotte Hornets,Illawarra (Australia),2020,1,3,3,CHA
Patrick Williams,Chicago Bulls,Florida State,2020,1,4,4,CHI
Isaac Okoro,Cleveland Cavaliers,Auburn,2020,1,5,5,CLE
Onyeka Okongwu,Atlanta Hawks,Southern California,2020,1,6,6,ATL
Killian Hayes,Detroit Pistons,Ratiopharm Ulm (Germany),2020,1,7,7,DET
Obi Toppin,New York Knicks,Dayton,2020,1,8,8,NYK
Deni Avdija,Washington Wizards,Maccabi Tel Aviv B.C. (Israel),2020,1,9,9,WAS
Jalen Smith,Phoenix Suns,Maryland,2020,1,10,10,PHX
Devin Vassell,San Antonio Spurs,Florida State,2020,1,11,11,SAS
Tyrese Haliburton,Sacramento Kings,Iowa State,2020,1,12,12,SAC
Kira Lewis Jr.,New Orleans Pelicans,Alabama,2020,1,13,13,NOP
Aaron Nesmith,Boston Celtics,Vanderbilt,2020,1,14,14,BOS
Cole Anthony,Orlando Magic,North Carolina,2020,1,15,15,ORL
Isaiah Stewart,Portland Trail Blazers,Washington,2020,1,16,16,POR
Aleksej Pokusevski,Minnesota Timberwolves,Olympiacos B.C. (Greece),2020,1,17,17,MIN
Josh Green,Dallas Mavericks,Arizona,2020,1,18,18,DAL
Saddiq Bey,Brooklyn Nets,Villanova,2020,1,19,19,BKN
Precious Achiuwa,Miami Heat,Memphis,2020,1,20,20,MIA
Tyrese Maxey,Philadelphia 76Ers,Kentucky,2020,1,21,21,PHI
Zeke Nnaji,Denver Nuggets,Arizona,2020,1,22,22,DEN
Leandro Bolmaro,New York Knicks,FC Barcelona Basquet (Spain),2020,1,23,23,NYK
R.J. Hampton,Milwaukee Bucks,Breakers (New Zealand),2020,1,24,24,MIL
Immanuel Quickley,Oklahoma City Thunder,Kentucky,2020,1,25,25,OKC
Payton Pritchard,Boston Celtics,Oregon,2020,1,26,26,BOS
Udoka Azubuike,Utah Jazz,Kansas,2020,1,27,27,UTA
Jaden McDaniels,Los Angeles Lakers,Washington,2020,1,28,28,LAL
Malachi Flynn,Toronto Raptors,San Diego State,2020,1,29,29,TOR
Desmond Bane,Boston Celtics,Texas Christian,2020,1,30,30,BOS
Tyrell Terry,Dallas Mavericks,Stanford,2020,2,1,31,DAL
Vernon Carey Jr.,Charlotte Hornets,Duke,2020,2,2,32,CHA
Daniel Oturu,Minnesota Timberwolves,Minnesota,2020,2,3,33,MIN
Theo Maledon,Philadelphia 76Ers,ASVEL Basket (France),2020,2,4,34,PHI
Xavier Tillman,Sacramento Kings,Michigan State,2020,2,5,35,SAC
Tyler Bey,Philadelphia 76Ers,Colorado,2020,2,6,36,PHI
Vít Krejčí,Washington Wizards,Basket Zaragoza 2002 (Spain),2020,2,7,37,WAS
Saben Lee,Utah Jazz,Vanderbilt,2020,2,8,38,UTA
Elijah Hughes,New Orleans Pelicans,Syracuse,2020,2,9,39,NOP
Robert Woodard II,Memphis Grizzlies,Mississippi State,2020,2,10,40,MEM
Tre Jones,San Antonio Spurs,Duke,2020,2,11,41,SAS
Nick Richards,New Orleans Pelicans,Kentucky,2020,2,12,42,NOP
Jahmi'us Ramsey,Sacramento Kings,Texas Tech,2020,2,13,43,SAC
Marko Simonovic,Chicago Bulls,KK Mega Leks (Serbia),2020,2,14,44,CHI
Jordan Nwora,Milwaukee Bucks,Louisville,2020,2,15,45,MIL
CJ Elleby,Portland Trail Blazers,Washington State,2020,2,16,46,POR
Yam Madar,Boston Celtics,Hapoel Galil Elyon (Israel),2020,2,17,47,BOS
Nico Mannion,Golden State Warriors,Arizona,2020,2,18,48,GSW
Isaiah Joe,Philadelphia 76Ers,Arkansas,2020,2,19,49,PHI
Skylar Mays,Atlanta Hawks,Louisiana State,2020,2,20,50,ATL
Justinian Jessup,Golden State Warriors,Boise State,2020,2,21,51,GSW
KJ Martin,Sacramento Kings,IMG Academy,2020,2,22,52,SAC
Cassius Winston,Oklahoma City Thunder,Michigan State,2020,2,23,53,OKC
Cassius Stanley,Indiana Pacers,Duke,2020,2,24,54,IND
Jay Scrubb,Brooklyn Nets,John A. Logan,2020,2,25,55,BKN
Grant Riller,Charlotte Hornets,College of Charleston,2020,2,26,56,CHA
Reggie Perry,La Clippers,Mississippi State,2020,2,27,57,LAC
Paul Reed,Philadelphia 76Ers,DePaul,2020,2,28,58,PHI
Jalen Harris,Toronto Raptors,Nevada-Reno,2020,2,29,59,TOR
Sam Merrill,New Orleans Pelicans,Utah State,2020,2,30,60,NOP
Zion Williamson,New Orleans Pelicans,Duke,2019,1,1,1,NOP
Ja Morant,Memphis Grizzlies,Murray State,2019,1,2,2,MEM
RJ Barrett,New York Knicks,Duke,2019,1,3,3,NYK
De'Andre Hunter,Los Angeles Lakers,Virginia,2019,1,4,4,LAL
Darius Garland,Cleveland Cavaliers,Vanderbilt,2019,1,5,5,CLE
Jarrett Culver,Phoenix Suns,Texas Tech,2019,1,6,6,PHX
Coby White,Chicago Bulls,North Carolina,2019,1,7,7,CHI
Jaxson Hayes,Atlanta Hawks,Texas,2019,1,8,8,ATL
Rui Hachimura,Washington Wizards,Gonzaga,2019,1,9,9,WAS
Cam Reddish,Atlanta Hawks,Duke,2019,1,10,10,ATL
Cameron Johnson,Minnesota Timberwolves,North Carolina,2019,1,11,11,MIN
P.J. Washington,Charlotte Hornets,Kentucky,2019,1,12,12,CHA
Tyler Herro,Miami Heat,Kentucky,2019,1,13,13,MIA
Romeo Langford,Boston Celtics,Indiana,2019,1,14,14,BOS
Sekou Doumbouya,Detroit Pistons,Limoges CSP (France),2019,1,15,15,DET
Chuma Okeke,Orlando Magic,Auburn,2019,1,16,16,ORL
Nickeil Alexander-Walker,Brooklyn Nets,Virginia Tech,2019,1,17,17,BKN
Goga Bitadze,Indiana Pacers,KK Mega Leks (Serbia),2019,1,18,18,IND
Luka Samanic,San Antonio Spurs,KK Olimpija (Slovenia),2019,1,19,19,SAS
Matisse Thybulle,Boston Celtics,Washington,2019,1,20,20,BOS
Brandon Clarke,Oklahoma City Thunder,Gonzaga,2019,1,21,21,OKC
Grant Williams,Boston Celtics,Tennessee,2019,1,22,22,BOS
Darius Bazley,Utah Jazz,Princeton,2019,1,23,23,UTA
Ty Jerome,Philadelphia 76Ers,Virginia,2019,1,24,24,PHI
Nassir Little,Portland Trail Blazers,North Carolina,2019,1,25,25,POR
Dylan Windler,Cleveland Cavaliers,Belmont,2019,1,26,26,CLE
Mfiondu Kabengele,Brooklyn Nets,Florida State,2019,1,27,27,BKN
Jordan Poole,Golden State Warriors,Michigan,2019,1,28,28,GSW
Keldon Johnson,San Antonio Spurs,Kentucky,2019,1,29,29,SAS
Kevin Porter Jr.,Milwaukee Bucks,Southern California,2019,1,30,30,MIL
Nic Claxton,Brooklyn Nets,Georgia,2019,2,1,31,BKN
KZ Okpala,Phoenix Suns,Stanford,2019,2,2,32,PHX
Carsen Edwards,Philadelphia 76Ers,Purdue,2019,2,3,33,PHI
Bruno Fernando,Philadelphia 76Ers,Maryland,2019,2,4,34,PHI
Didi Louzada,Atlanta Hawks,Sesi Franca (Brazil),2019,2,5,35,ATL
Cody Martin,Charlotte Hornets,North Carolina State,2019,2,6,36,CHA
Deividas Sirvydis,Dallas Mavericks,BC Lietuvos rytas (Lithuania),2019,2,7,37,DAL
Daniel Gafford,Chicago Bulls,Arkansas,2019,2,8,38,CHI
Alen Smailagic,New Orleans Pelicans,Santa Cruz (G League),2019,2,9,39,NOP
Justin James,Sacramento Kings,Wyoming,2019,2,10,40,SAC
Eric Paschall,Golden State Warriors,Villanova,2019,2,11,41,GSW
Admiral Schofield,Philadelphia 76Ers,Tennessee,2019,2,12,42,PHI
Jaylen Nowell,Minnesota Timberwolves,Washington,2019,2,13,43,MIN
Bol Bol,Miami Heat,Oregon,2019,2,14,44,MIA
Isaiah Roby,Detroit Pistons,Nebraska,2019,2,15,45,DET
Talen Horton-Tucker,Orlando Magic,Iowa State,2019,2,16,46,ORL
Ignas Brazdeikis,Sacramento Kings,Michigan,2019,2,17,47,SAC
Terance Mann,La Clippers,Florida State,2019,2,18,48,LAC
Quinndary Weatherspoon,San Antonio Spurs,Mississippi State,2019,2,19,49,SAS
Jarrell Brantley,Indiana Pacers,College of Charleston,2019,2,20,50,IND
Tremont Waters,Boston Celtics,Louisiana State,2019,2,21,51,BOS
Jalen McDaniels,Charlotte Hornets,San Diego,2019,2,22,52,CHA
Justin Wright-Foreman,Utah Jazz,Hofstra,2019,2,23,53,UTA
Marial Shayok,Philadelphia 76Ers,Virginia,2019,2,24,54,PHI
Kyle Guy,New York Knicks,Virginia,2019,2,25,55,NYK
Jaylen Hands,La Clippers,California-Los Angeles,2019,2,26,56,LAC
Jordan Bone,New Orleans Pelicans,Tennessee,2019,2,27,57,NOP
Miye Oni,Golden State Warriors,Yale,2019,2,28,58,GSW
Dewan Hernandez,Toronto Raptors,Miami (FL),2019,2,29,59,TOR
Vanja Marinkovic,Sacramento Kings,KK Partizan (Serbia),2019,2,30,60,SAC
Deandre Ayton,Phoenix Suns,Arizona,2018,1,1,1,PHX
Marvin Bagley III,Sacramento Kings,Duke,2018,1,2,2,SAC
Luka Dončić,Atlanta Hawks,Real Madrid Baloncesto (Spain),2018,1,3,3,ATL
Jaren Jackson Jr.,Memphis Grizzlies,Michigan State,2018,1,4,4,MEM
Trae Young,Dallas Mavericks,Oklahoma,2018,1,5,5,DAL
Mo Bamba,Orlando Magic,Texas,2018,1,6,6,ORL
Wendell Carter Jr.,Chicago Bulls,Duke,2018,1,7,7,CHI
Collin Sexton,Cleveland Cavaliers,Alabama,2018,1,8,8,CLE
Kevin Knox II,New York Knicks,Kentucky,2018,1,9,9,NYK
Mikal Bridges,Philadelphia 76Ers,Villanova,2018,1,10,10,PHI
Shai Gilgeous-Alexander,Charlotte Hornets,Kentucky,2018,1,11,11,CHA
Miles Bridges,La Clippers,Michigan State,2018,1,12,12,LAC
Jerome Robinson,La Clippers,Boston College,2018,1,13,13,LAC
Michael Porter Jr.,Denver Nuggets,Missouri,2018,1,14,14,DEN
Troy Brown Jr.,Washington Wizards,Oregon,2018,1,15,15,WAS
Zhaire Smith,Phoenix Suns,Texas Tech,2018,1,16,16,PHX
Donte DiVincenzo,Milwaukee Bucks,Villanova,2018,1,17,17,MIL
Lonnie Walker IV,San Antonio Spurs,Miami (FL),2018,1,18,18,SAS
Kevin Huerter,Atlanta Hawks,Maryland,2018,1,19,19,ATL
Josh Okogie,Minnesota Timberwolves,Georgia Tech,2018,1,20,20,MIN
Grayson Allen,Utah Jazz,Duke,2018,1,21,21,UTA
Chandler Hutchison,Chicago Bulls,Boise State,2018,1,22,22,CHI
Aaron Holiday,Indiana Pacers,California-Los Angeles,2018,1,23,23,IND
Anfernee Simons,Portland Trail Blazers,IMG Academy,2018,1,24,24,POR
Moritz Wagner,Los Angeles Lakers,Michigan,2018,1,25,25,LAL
Landry Shamet,Philadelphia 76Ers,Wichita State,2018,1,26,26,PHI
Robert Williams III,Boston Celtics,Texas A&M,2018,1,27,27,BOS
Jacob Evans,Golden State Warriors,Cincinnati,2018,1,28,28,GSW
Dzanan Musa,Brooklyn Nets,KK Cedevita (Croatia),2018,1,29,29,BKN
Omari Spellman,Atlanta Hawks,Villanova,2018,1,30,30,ATL
Elie Okobo,Phoenix Suns,Elan Bearnais Pau-Orthez (France),2018,2,1,31,PHX
Jevon Carter,Memphis Grizzlies,West Virginia,2018,2,2,32,MEM
Jalen Brunson,Dallas Mavericks,Villanova,2018,2,3,33,DAL
Devonte' Graham,Atlanta Hawks,Kansas,2018,2,4,34,ATL
Melvin Frazier Jr.,Orlando Magic,Tulane,2018,2,5,35,ORL
Mitchell Robinson,New York Knicks,,2018,2,6,36,NYK
Gary Trent Jr.,Sacramento Kings,Duke,2018,2,7,37,SAC
Khyri Thomas,Philadelphia 76Ers,Creighton,2018,2,8,38,PHI
Isaac Bonga,Philadelphia 76Ers,Fraport Skyliners (Germany),2018,2,9,39,PHI
Rodions Kurucs,Brooklyn Nets,FC Barcelona Basquet (Spain),2018,2,10,40,BKN
Jarred Vanderbilt,Orlando Magic,Kentucky,2018,2,11,41,ORL
Bruce Brown,Detroit Pistons,Miami (FL),2018,2,12,42,DET
Justin Jackson,Denver Nuggets,Maryland,2018,2,13,43,DEN
Issuf Sanon,Washington Wizards,KK Olimpija (Slovenia),2018,2,14,44,WAS
Hamidou Diallo,Brooklyn Nets,Kentucky,2018,2,15,45,BKN
De'Anthony Melton,Houston Rockets,Southern California,2018,2,16,46,HOU
Svi Mykhailiuk,Los Angeles Lakers,Kansas,2018,2,17,47,LAL
Keita Bates-Diop,Minnesota Timberwolves,Ohio State,2018,2,18,48,MIN
Chimezie Metu,Milwaukee Bucks,Southern California,2018,2,19,49,MIL
Alize Johnson,Indiana Pacers,Missouri State,2018,2,20,50,IND
Tony Carr,New Orleans Pelicans,Penn State,2018,2,21,51,NOP
Vincent Edwards,Utah Jazz,Purdue,2018,2,22,52,UTA
Devon Hall,Oklahoma City Thunder,Virginia,2018,2,23,53,OKC
Shake Milton,Dallas Mavericks,Southern Methodist,2018,2,24,54,DAL
Arnoldas Kulboka,Charlotte Hornets,Brose Bamberg (Germany),2018,2,25,55,CHA
Ray Spalding,Philadelphia 76Ers,Louisville,2018,2,26,56,PHI
Kevin Hervey,Oklahoma City Thunder,Texas-Arlington,2018,2,27,57,OKC
Thomas Welsh,Denver Nuggets,California-Los Angeles,2018,2,28,58,DEN
George King,Phoenix Suns,Colorado,2018,2,29,59,PHX
Kostas Antetokounmpo,Philadelphia 76Ers,Dayton,2018,2,30,60,PHI
Markelle Fultz,Philadelphia 76Ers,Washington,2017,1,1,1,PHI
Lonzo Ball,Los Angeles Lakers,California-Los Angeles,2017,1,2,2,LAL
Jayson Tatum,Boston Celtics,Duke,2017,1,3,3,BOS
Josh Jackson,Phoenix Suns,Kansas,2017,1,4,4,PHX
De'Aaron Fox,Sacramento Kings,Kentucky,2017,1,5,5,SAC
Jonathan Isaac,Orlando Magic,Florida State,2017,1,6,6,ORL
Lauri Markkanen,Minnesota Timberwolves,Arizona,2017,1,7,7,MIN
Frank Ntilikina,New York Knicks,SIG Strasbourg (France),2017,1,8,8,NYK
Dennis Smith Jr.,Dallas Mavericks,North Carolina State,2017,1,9,9,DAL
Zach Collins,Sacramento Kings,Gonzaga,2017,1,10,10,SAC
Malik Monk,Charlotte Hornets,Kentucky,2017,1,11,11,CHA
Luke Kennard,Detroit Pistons,Duke,2017,1,12,12,DET
Donovan Mitchell,Denver Nuggets,Louisville,2017,1,13,13,DEN
Bam Adebayo,Miami Heat,Kentucky,2017,1,14,14,MIA
Justin Jackson,Portland Trail Blazers,North Carolina,2017,1,15,15,POR
Justin Patton,Chicago Bulls,Creighton,2017,1,16,16,CHI
D.J. Wilson,Milwaukee Bucks,Michigan,2017,1,17,17,MIL
T.J. Leaf,Indiana Pacers,California-Los Angeles,2017,1,18,18,IND
John Collins,Atlanta Hawks,Wake Forest,2017,1,19,19,ATL
Harry Giles III,Portland Trail Blazers,Duke,2017,1,20,20,POR
Terrance Ferguson,Oklahoma City Thunder,Adelaide 36ers (Australia),2017,1,21,21,OKC
Jarrett Allen,Brooklyn Nets,Texas,2017,1,22,22,BKN
OG Anunoby,Toronto Raptors,Indiana,2017,1,23,23,TOR
Tyler Lydon,Utah Jazz,Syracuse,2017,1,24,24,UTA
Anžejs Pasečņiks,Orlando Magic,CB Gran Canaria (Spain),2017,1,25,25,ORL
Caleb Swanigan,Portland Trail Blazers,Purdue,2017,1,26,26,POR
Kyle Kuzma,Brooklyn Nets,Utah,2017,1,27,27,BKN
Tony Bradley,Los Angeles Lakers,North Carolina,2017,1,28,28,LAL
Derrick White,San Antonio Spurs,Colorado,2017,1,29,29,SAS
Josh Hart,Utah Jazz,Villanova,2017,1,30,30,UTA
Frank Jackson,Charlotte Hornets,Duke,2017,2,1,31,CHA
Davon Reed,Phoenix Suns,Miami (FL),2017,2,2,32,PHX
Wes Iwundu,Orlando Magic,Kansas State,2017,2,3,33,ORL
Frank Mason III,Sacramento Kings,Kansas,2017,2,4,34,SAC
Ivan Rabb,Orlando Magic,California,2017,2,5,35,ORL
Jonah Bolden,Philadelphia 76Ers,Red Star Belgrade (Serbia),2017,2,6,36,PHI
Semi Ojeleye,Boston Celtics,Southern Methodist,2017,2,7,37,BOS
Jordan Bell,Chicago Bulls,Oregon,2017,2,8,38,CHI
Jawun Evans,Philadelphia 76Ers,Oklahoma State,2017,2,9,39,PHI
Dwayne Bacon,New Orleans Pelicans,Florida State,2017,2,10,40,NOP
Tyler Dorsey,Atlanta Hawks,Oregon,2017,2,11,41,ATL
Thomas Bryant,Utah Jazz,Indiana,2017,2,12,42,UTA
Isaiah Hartenstein,Houston Rockets,BC Zalgiris (Lithuania),2017,2,13,43,HOU
Damyean Dotson,New York Knicks,Houston,2017,2,14,44,NYK
Dillon Brooks,Houston Rockets,Oregon,2017,2,15,45,HOU
Sterling Brown,Philadelphia 76Ers,Southern Methodist,2017,2,16,46,PHI
Ike Anigbogu,Indiana Pacers,California-Los Angeles,2017,2,17,47,IND
Sindarius Thornwell,Milwaukee Bucks,South Carolina,2017,2,18,48,MIL
Vlatko Čančar,Denver Nuggets,KK Mega Leks (Serbia),2017,2,19,49,DEN
Mathias Lessort,Philadelphia 76Ers,Nanterre 92 (France),2017,2,20,50,PHI
Monté Morris,Denver Nuggets,Iowa State,2017,2,21,51,DEN
Edmond Sumner,New Orleans Pelicans,Xavier,2017,2,22,52,NOP
Kadeem Allen,Boston Celtics,Arizona,2017,2,23,53,BOS
Alec Peters,Phoenix Suns,Valparaiso,2017,2,24,54,PHX
Nigel Williams-Goss,Utah Jazz,Gonzaga,2017,2,25,55,UTA
Jabari Bird,Boston Celtics,California,2017,2,26,56,BOS
Sasha Vezenkov,Brooklyn Nets,FC Barcelona Basquet (Spain),2017,2,27,57,BKN
Ognjen Jaramaz,New York Knicks,KK Mega Leks (Serbia),2017,2,28,58,NYK
Jaron Blossomgame,San Antonio Spurs,Clemson,2017,2,29,59,SAS
Alpha Kaba,Atlanta Hawks,KK Mega Leks (Serbia),2017,2,30,60,ATL
Ben Simmons,Philadelphia 76Ers,Louisiana State,2016,1,1,1,PHI
Brandon Ingram,Los Angeles Lakers,Duke,2016,1,2,2,LAL
Jaylen Brown,Boston Celtics,California,2016,1,3,3,BOS
Dragan Bender,Phoenix Suns,Maccabi Tel Aviv B.C. (Israel),2016,1,4,4,PHX
Kris Dunn,Minnesota Timberwolves,Providence,2016,1,5,5,MIN
Buddy Hield,New Orleans Pelicans,Oklahoma,2016,1,6,6,NOP
Jamal Murray,Denver Nuggets,Kentucky,2016,1,7,7,DEN
Marquese Chriss,Phoenix Suns,Washington,2016,1,8,8,PHX
Jakob Poeltl,Toronto Raptors,Utah,2016,1,9,9,TOR
Thon Maker,Milwaukee Bucks,,2016,1,10,10,MIL
Domantas Sabonis,Oklahoma City Thunder,Gonzaga,2016,1,11,11,OKC
Taurean Prince,Utah Jazz,Baylor,2016,1,12,12,UTA
Georgios Papagiannis,Sacramento Kings,Panathinaikos B.C. (Greece),2016,1,13,13,SAC
Denzel Valentine,Chicago Bulls,Michigan State,2016,1,14,14,CHI
Juancho Hernangomez,Denver Nuggets,Movistar Estudiantes,2016,1,15,15,DEN
Guerschon Yabusele,Boston Celtics,SPO Rouen Basket,2016,1,16,16,BOS
Wade Baldwin IV,Memphis Grizzlies,Vanderbilt,2016,1,17,17,MEM
Henry Ellenson,Detroit Pistons,Marquette,2016,1,18,18,DET
Malik Beasley,Denver Nuggets,Florida State,2016,1,19,19,DEN
Caris LeVert,Indiana Pacers,Michigan,2016,1,20,20,IND
DeAndre' Bembry,Atlanta Hawks,Saint Joseph's,2016,1,21,21,ATL
Malachi Richardson,Charlotte Hornets,Syracuse,2016,1,22,22,CHA
Ante Zizic,Boston Celtics,KK Cibona (Croatia),2016,1,23,23,BOS
Timothe Luwawu-Cabarrot,Philadelphia 76Ers,KK Mega Vizura,2016,1,24,24,PHI
Brice Johnson,La Clippers,North Carolina,2016,1,25,25,LAC
Furkan Korkmaz,Philadelphia 76Ers,Anadolu Efes S.K. (Turkey),2016,1,26,26,PHI
Pascal Siakam,Toronto Raptors,New Mexico State,2016,1,27,27,TOR
Skal Labissiere,Sacramento Kings,Kentucky,2016,1,28,28,SAC
Dejounte Murray,San Antonio Spurs,Washington,2016,1,29,29,SAS
Damian Jones,Golden State Warriors,Vanderbilt,2016,1,30,30,GSW
Deyonta Davis,Boston Celtics,Michigan State,2016,2,1,31,BOS
Ivica Zubac,Los Angeles Lakers,KK Mega Vizura,2016,2,2,32,LAL
Cheick Diallo,La Clippers,Kansas,2016,2,3,33,LAC
Tyler Ulis,Phoenix Suns,Kentucky,2016,2,4,34,PHX
Rade Zagorac,Boston Celtics,KK Mega Vizura,2016,2,5,35,BOS
Malcolm Brogdon,Milwaukee Bucks,Virginia,2016,2,6,36,MIL
Chinanu Onuaku,Houston Rockets,Louisville,2016,2,7,37,HOU
Patrick McCaw,Golden State Warriors,Nevada-Las Vegas,2016,2,8,38,GSW
David Michineau,New Orleans Pelicans,Elan Chalon (France),2016,2,9,39,NOP
Diamond Stone,New Orleans Pelicans,Maryland,2016,2,10,40,NOP
Stephen Zimmerman,Orlando Magic,Nevada-Las Vegas,2016,2,11,41,ORL
Isaiah Whitehead,Brooklyn Nets,Seton Hall,2016,2,12,42,BKN
Zhou Qi,Houston Rockets,Xinjiang Guanghui,2016,2,13,43,HOU
Isaia Cordinier,Atlanta Hawks,Denain ASC Voltaire,2016,2,14,44,ATL
Demetrius Jackson,Boston Celtics,Notre Dame,2016,2,15,45,BOS
AJ Hammons,Dallas Mavericks,Purdue,2016,2,16,46,DAL
Jake Layman,Orlando Magic,Maryland,2016,2,17,47,ORL
Paul Zipser,Chicago Bulls,FC Bayern Muenchen,2016,2,18,48,CHI
Michael Gbinije,Detroit Pistons,Syracuse,2016,2,19,49,DET
Georges Niang,Indiana Pacers,Iowa State,2016,2,20,50,IND
Ben Bentil,Boston Celtics,Providence,2016,2,21,51,BOS
Joel Bolomboy,Utah Jazz,Weber State,2016,2,22,52,UTA
Petr Cornelie,Denver Nuggets,Le Mans Sarthe Basket (France),2016,2,23,53,DEN
Kay Felder,Atlanta Hawks,Oakland,2016,2,24,54,ATL
Marcus Paige,Utah Jazz,North Carolina,2016,2,25,55,UTA
Daniel Hamilton,Denver Nuggets,Connecticut,2016,2,26,56,DEN
Wang Zhelin,Memphis Grizzlies,Fujian,2016,2,27,57,MEM
Abdel Nader,Boston Celtics,Iowa State,2016,2,28,58,BOS
Isaiah Cousins,Sacramento Kings,Oklahoma,2016,2,29,59,SAC
Tyrone Wallace,Utah Jazz,California,2016,2,30,60,UTA
Karl-Anthony Towns,Minnesota Timberwolves,Kentucky,2015,1,1,1,MIN
D'Angelo Russell,Los Angeles Lakers,Ohio State,2015,1,2,2,LAL
Jahlil Okafor,Philadelphia 76Ers,Duke,2015,1,3,3,PHI
Kristaps Porziņģis,New York Knicks,CB Sevilla (Spain),2015,1,4,4,NYK
Mario Hezonja,Orlando Magic,FC Barcelona Basquet (Spain),2015,1,5,5,ORL
Willie Cauley-Stein,Sacramento Kings,Kentucky,2015,1,6,6,SAC
Emmanuel Mudiay,Denver Nuggets,Guangdong Southern Tigers (China),2015,1,7,7,DEN
Stanley Johnson,Detroit Pistons,Arizona,2015,1,8,8,DET
Frank Kaminsky,Charlotte Hornets,Wisconsin,2015,1,9,9,CHA
Justise Winslow,Miami Heat,Duke,2015,1,10,10,MIA
Myles Turner,Indiana Pacers,Texas,2015,1,11,11,IND
Trey Lyles,Utah Jazz,Kentucky,2015,1,12,12,UTA
Devin Booker,Phoenix Suns,Kentucky,2015,1,13,13,PHX
Cameron Payne,Oklahoma City Thunder,Murray State,2015,1,14,14,OKC
Kelly Oubre Jr.,Atlanta Hawks,Kansas,2015,1,15,15,ATL
Terry Rozier,Boston Celtics,Louisville,2015,1,16,16,BOS
Rashad Vaughn,Milwaukee Bucks,Nevada-Las Vegas,2015,1,17,17,MIL
Sam Dekker,Houston Rockets,Wisconsin,2015,1,18,18,HOU
Jerian Grant,Washington Wizards,Notre Dame,2015,1,19,19,WAS
Delon Wright,Toronto Raptors,Utah,2015,1,20,20,TOR
Justin Anderson,Dallas Mavericks,Virginia,2015,1,21,21,DAL
Bobby Portis,Chicago Bulls,Arkansas,2015,1,22,22,CHI
Rondae Hollis-Jefferson,Portland Trail Blazers,Arizona,2015,1,23,23,POR
Tyus Jones,Cleveland Cavaliers,Duke,2015,1,24,24,CLE
Jarell Martin,Memphis Grizzlies,Louisiana State,2015,1,25,25,MEM
Nikola Milutinov,San Antonio Spurs,KK Partizan (Serbia),2015,1,26,26,SAS
Larry Nance Jr.,Los Angeles Lakers,Wyoming,2015,1,27,27,LAL
RJ Hunter,Boston Celtics,Georgia State,2015,1,28,28,BOS
Chris McCullough,Brooklyn Nets,Syracuse,2015,1,29,29,BKN
Kevon Looney,Golden State Warriors,California-Los Angeles,2015,1,30,30,GSW
Cedi Osman,Minnesota Timberwolves,Anadolu Efes S.K. (Turkey),2015,2,1,31,MIN
Montrezl Harrell,Houston Rockets,Louisville,2015,2,2,32,HOU
Jordan Mickey,Boston Celtics,Louisiana State,2015,2,3,33,BOS
Anthony Brown,Los Angeles Lakers,Stanford,2015,2,4,34,LAL
Willy Hernangomez,Philadelphia 76Ers,CB Sevilla (Spain),2015,2,5,35,PHI
Rakeem Christmas,Minnesota Timberwolves,Syracuse,2015,2,6,36,MIN
Richaun Holmes,Philadelphia 76Ers,Bowling Green,2015,2,7,37,PHI
Darrun Hilliard,Detroit Pistons,Villanova,2015,2,8,38,DET
Juan Pablo Vaulet,Charlotte Hornets,Bahia Basket (Argentina),2015,2,9,39,CHA
Josh Richardson,Miami Heat,Tennessee,2015,2,10,40,MIA
Pat Connaughton,Brooklyn Nets,Notre Dame,2015,2,11,41,BKN
Olivier Hanlan,Utah Jazz,Boston College,2015,2,12,42,UTA
Joe Young,Indiana Pacers,Oregon,2015,2,13,43,IND
Andrew Harrison,Phoenix Suns,Kentucky,2015,2,14,44,PHX
Marcus Thornton,Boston Celtics,William & Mary,2015,2,15,45,BOS
Norman Powell,Milwaukee Bucks,California-Los Angeles,2015,2,16,46,MIL
Arturas Gudaitis,Philadelphia 76Ers,BC Zalgiris (Lithuania),2015,2,17,47,PHI
Dakari Johnson,Oklahoma City Thunder,Kentucky,2015,2,18,48,OKC
Aaron White,Washington Wizards,Iowa,2015,2,19,49,WAS
Marcus Eriksson,Atlanta Hawks,FC Barcelona Basquet (Spain),2015,2,20,50,ATL
Tyler Harvey,Orlando Magic,Eastern Washington,2015,2,21,51,ORL
Satnam Singh,Dallas Mavericks,IMG Academy,2015,2,22,52,DAL
Sir'Dominic Pointer,Cleveland Cavaliers,St. John's (NY),2015,2,23,53,CLE
Daniel Diez,Utah Jazz,San Sebastian Gipuzkoa BC (Spain),2015,2,24,54,UTA
Cady Lalanne,San Antonio Spurs,Massachusetts,2015,2,25,55,SAS
Branden Dawson,New Orleans Pelicans,Michigan State,2015,2,26,56,NOP
Nikola Radicevic,Denver Nuggets,CB Sevilla (Spain),2015,2,27,57,DEN
JP Tokoto,Philadelphia 76Ers,North Carolina,2015,2,28,58,PHI
Dimitrios Agravanis,Atlanta Hawks,Olympiacos B.C. (Greece),2015,2,29,59,ATL
Luka Mitrovic,Philadelphia 76Ers,Red Star Belgrade (Serbia),2015,2,30,60,PHI
Andrew Wiggins,Cleveland Cavaliers,Kansas,2014,1,1,1,CLE
Jabari Parker,Milwaukee Bucks,Duke,2014,1,2,2,MIL
Joel Embiid,Philadelphia 76Ers,Kansas,2014,1,3,3,PHI
Aaron Gordon,Orlando Magic,Arizona,2014,1,4,4,ORL
Danté Exum,Utah Jazz,Australian Institute of Sport (Australia),2014,1,5,5,UTA
Marcus Smart,Boston Celtics,Oklahoma State,2014,1,6,6,BOS
Julius Randle,Los Angeles Lakers,Kentucky,2014,1,7,7,LAL
Nik Stauskas,Sacramento Kings,Michigan,2014,1,8,8,SAC
Noah Vonleh,Charlotte Hornets,Indiana,2014,1,9,9,CHA
Elfrid Payton,Philadelphia 76Ers,Louisiana-Lafayette,2014,1,10,10,PHI
Doug McDermott,Denver Nuggets,Creighton,2014,1,11,11,DEN
Dario Šarić,Orlando Magic,KK Cibona (Croatia),2014,1,12,12,ORL
Zach LaVine,Minnesota Timberwolves,California-Los Angeles,2014,1,13,13,MIN
T.J. Warren,Phoenix Suns,North Carolina State,2014,1,14,14,PHX
Adreian Payne,Atlanta Hawks,Michigan State,2014,1,15,15,ATL
Jusuf Nurkić,Chicago Bulls,KK Cedevita (Croatia),2014,1,16,16,CHI
James Young,Boston Celtics,Kentucky,2014,1,17,17,BOS
Tyler Ennis,Phoenix Suns,Syracuse,2014,1,18,18,PHX
Gary Harris,Chicago Bulls,Michigan State,2014,1,19,19,CHI
Bruno Caboclo,Toronto Raptors,Esporte Clube Pinheiros (Brazil),2014,1,20,20,TOR
Mitch McGary,Oklahoma City Thunder,Michigan,2014,1,21,21,OKC
Jordan Adams,Memphis Grizzlies,California-Los Angeles,2014,1,22,22,MEM
Rodney Hood,Utah Jazz,Duke,2014,1,23,23,UTA
Shabazz Napier,Charlotte Hornets,Connecticut,2014,1,24,24,CHA
Clint Capela,Houston Rockets,Elan Chalon (France),2014,1,25,25,HOU
PJ Hairston,Miami Heat,Texas Legends (D-League),2014,1,26,26,MIA
Bogdan Bogdanović,Phoenix Suns,KK Partizan (Serbia),2014,1,27,27,PHX
C.J. Wilcox,Los Angeles Clippers,Washington,2014,1,28,28,LAC
Josh Huestis,Oklahoma City Thunder,Stanford,2014,1,29,29,OKC
Kyle Anderson,San Antonio Spurs,California-Los Angeles,2014,1,30,30,SAS
Damien Inglis,Milwaukee Bucks,Chorale Roanne Basket (France),2014,2,1,31,MIL
KJ McDaniels,Philadelphia 76Ers,Clemson,2014,2,2,32,PHI
Joe Harris,Cleveland Cavaliers,Virginia,2014,2,3,33,CLE
Cleanthony Early,New York Knicks,Wichita State,2014,2,4,34,NYK
Jarnell Stokes,Utah Jazz,Tennessee,2014,2,5,35,UTA
Johnny O'Bryant III,Milwaukee Bucks,Louisiana State,2014,2,6,36,MIL
DeAndre Daniels,Toronto Raptors,Connecticut,2014,2,7,37,TOR
Spencer Dinwiddie,Detroit Pistons,Colorado,2014,2,8,38,DET
Jerami Grant,Philadelphia 76Ers,Syracuse,2014,2,9,39,PHI
Glenn Robinson III,Minnesota Timberwolves,Michigan,2014,2,10,40,MIN
Nikola Jokić,Denver Nuggets,KK Mega Leks (Serbia),2014,2,11,41,DEN
Nick Johnson,Houston Rockets,Arizona,2014,2,12,42,HOU
Edy Tavares,Atlanta Hawks,CB Gran Canaria (Spain),2014,2,13,43,ATL
Markel Brown,Minnesota Timberwolves,Oklahoma State,2014,2,14,44,MIN
Dwight Powell,Charlotte Hornets,Stanford,2014,2,15,45,CHA
Jordan Clarkson,Washington Wizards,Missouri,2014,2,16,46,WAS
Russ Smith,Philadelphia 76Ers,Louisville,2014,2,17,47,PHI
Lamar Patterson,Milwaukee Bucks,Pittsburgh,2014,2,18,48,MIL
Cameron Bairstow,Chicago Bulls,New Mexico,2014,2,19,49,CHI
Alec Brown,Phoenix Suns,Wisconsin-Green Bay,2014,2,20,50,PHX
Thanasis Antetokounmpo,New York Knicks,Delaware 87ers (D-League),2014,2,21,51,NYK
Vasilije Micić,Philadelphia 76Ers,KK Mega Leks (Serbia),2014,2,22,52,PHI
Alessandro Gentile,Minnesota Timberwolves,Olimpia Milano (Italy),2014,2,23,53,MIN
Nemanja Dangubic,Philadelphia 76Ers,KK Mega Leks (Serbia),2014,2,24,54,PHI
Semaj Christon,Miami Heat,Xavier,2014,2,25,55,MIA
Devyn Marble,Denver Nuggets,Iowa,2014,2,26,56,DEN
Louis Labeyrie,Indiana Pacers,Paris-Levallois Basket (France),2014,2,27,57,IND
Jordan McRae,San Antonio Spurs,Tennessee,2014,2,28,58,SAS
Xavier Thames,Toronto Raptors,San Diego State,2014,2,29,59,TOR
Cory Jefferson,San Antonio Spurs,Baylor,2014,2,30,60,SAS
Anthony Bennett,Cleveland Cavaliers,Nevada-Las Vegas,2013,1,1,1,CLE
Victor Oladipo,Orlando Magic,Indiana,2013,1,2,2,ORL
Otto Porter Jr.,Washington Wizards,Georgetown,2013,1,3,3,WAS
Cody Zeller,Charlotte Bobcats,Indiana,2013,1,4,4,CHA
Alex Len,Phoenix Suns,Maryland,2013,1,5,5,PHX
Nerlens Noel,New Orleans Pelicans,Kentucky,2013,1,6,6,NOP
Ben McLemore,Sacramento Kings,Kansas,2013,1,7,7,SAC
Kentavious Caldwell-Pope,Detroit Pistons,Georgia,2013,1,8,8,DET
Trey Burke,Minnesota Timberwolves,Michigan,2013,1,9,9,MIN
CJ McCollum,Portland Trail Blazers,Lehigh,2013,1,10,10,POR
Michael Carter-Williams,Philadelphia 76Ers,Syracuse,2013,1,11,11,PHI
Steven Adams,Oklahoma City Thunder,Pittsburgh,2013,1,12,12,OKC
Kelly Olynyk,Dallas Mavericks,Gonzaga,2013,1,13,13,DAL
Shabazz Muhammad,Utah Jazz,California-Los Angeles,2013,1,14,14,UTA
Giannis Antetokounmpo,Milwaukee Bucks,Basket Zaragoza 2002 (Spain),2013,1,15,15,MIL
Lucas Nogueira,Boston Celtics,CB Estudiantes (Spain),2013,1,16,16,BOS
Dennis Schröder,Atlanta Hawks,Basketball Lowen Braunschweig (Germany),2013,1,17,17,ATL
Shane Larkin,Atlanta Hawks,Miami (FL),2013,1,18,18,ATL
Sergey Karasev,Cleveland Cavaliers,B.C. Zenit Saint Petersburg (Russia),2013,1,19,19,CLE
Tony Snell,Chicago Bulls,New Mexico,2013,1,20,20,CHI
Gorgui Dieng,Utah Jazz,Louisville,2013,1,21,21,UTA
Mason Plumlee,Brooklyn Nets,Duke,2013,1,22,22,BKN
Solomon Hill,Indiana Pacers,Arizona,2013,1,23,23,IND
Tim Hardaway Jr.,New York Knicks,Michigan,2013,1,24,24,NYK
Reggie Bullock Jr.,Los Angeles Clippers,North Carolina,2013,1,25,25,LAC
Andre Roberson,Minnesota Timberwolves,Colorado,2013,1,26,26,MIN
Rudy Gobert,Denver Nuggets,Cholet Basket (France),2013,1,27,27,DEN
Livio Jean-Charles,San Antonio Spurs,ASVEL Basket (France),2013,1,28,28,SAS
Archie Goodwin,Oklahoma City Thunder,Kentucky,2013,1,29,29,OKC
Nemanja Nedovic,Phoenix Suns,BC Lietuvos rytas (Lithuania),2013,1,30,30,PHX
Allen Crabbe,Cleveland Cavaliers,California,2013,2,1,31,CLE
Alex Abrines,Oklahoma City Thunder,FC Barcelona Basquet (Spain),2013,2,2,32,OKC
Carrick Felix,Cleveland Cavaliers,Arizona State,2013,2,3,33,CLE
Isaiah Canaan,Houston Rockets,Murray State,2013,2,4,34,HOU
Glen Rice,Philadelphia 76Ers,Michigan,2013,2,5,35,PHI
Ray McCallum,Sacramento Kings,Detroit Mercy,2013,2,6,36,SAC
Tony Mitchell,Detroit Pistons,North Texas,2013,2,7,37,DET
Nate Wolters,Washington Wizards,South Dakota State,2013,2,8,38,WAS
Jeff Withey,Portland Trail Blazers,Kansas,2013,2,9,39,POR
Grant Jerrett,Portland Trail Blazers,Arizona,2013,2,10,40,POR
Jamaal Franklin,Memphis Grizzlies,San Diego State,2013,2,11,41,MEM
Pierre Jackson,Philadelphia 76Ers,Baylor,2013,2,12,42,PHI
Ricky Ledo,Milwaukee Bucks,Providence,2013,2,13,43,MIL
Mike Muscala,Dallas Mavericks,Bucknell,2013,2,14,44,DAL
Marko Todorovic,Portland Trail Blazers,FC Barcelona Basquet (Spain),2013,2,15,45,POR
Erick Green,Utah Jazz,Virginia Tech,2013,2,16,46,UTA
Raul Neto,Atlanta Hawks,San Sebastian Gipuzkoa BC (Spain),2013,2,17,47,ATL
Ryan Kelly,Los Angeles Lakers,Duke,2013,2,18,48,LAL
Erik Murphy,Chicago Bulls,Florida,2013,2,19,49,CHI
James Ennis III,Atlanta Hawks,Long Beach State,2013,2,20,50,ATL
Romero Osby,Orlando Magic,Oklahoma,2013,2,21,51,ORL
Lorenzo Brown,Minnesota Timberwolves,North Carolina State,2013,2,22,52,MIN
Colton Iverson,Indiana Pacers,Colorado State,2013,2,23,53,IND
Arsalan Kazemi,Washington Wizards,Oregon,2013,2,24,54,WAS
Joffrey Lauvergne,Memphis Grizzlies,KK Partizan (Serbia),2013,2,25,55,MEM
Peyton Siva,Detroit Pistons,Louisville,2013,2,26,56,DET
Alex Oriakhi,Phoenix Suns,Missouri,2013,2,27,57,PHX
Deshaun Thomas,San Antonio Spurs,Ohio State,2013,2,28,58,SAS
Bojan Dubljevic,Minnesota Timberwolves,Valencia BC (Spain),2013,2,29,59,MIN
Janis Timma,Memphis Grizzlies,BK Ventspils (Latvia),2013,2,30,60,MEM
Anthony Davis,New Orleans Hornets,Kentucky,2012,1,1,1,NOP
Michael Kidd-Gilchrist,Charlotte Bobcats,Kentucky,2012,1,2,2,CHA
Bradley Beal,Washington Wizards,Florida,2012,1,3,3,WAS
Dion Waiters,Cleveland Cavaliers,Syracuse,2012,1,4,4,CLE
Thomas Robinson,Sacramento Kings,Kansas,2012,1,5,5,SAC
Damian Lillard,Portland Trail Blazers,Weber State,2012,1,6,6,POR
Harrison Barnes,Golden State Warriors,North Carolina,2012,1,7,7,GSW
Terrence Ross,Toronto Raptors,Washington,2012,1,8,8,TOR
Andre Drummond,Detroit Pistons,Connecticut,2012,1,9,9,DET
Austin Rivers,New Orleans Hornets,Duke,2012,1,10,10,NOP
Meyers Leonard,Portland Trail Blazers,Illinois,2012,1,11,11,POR
Jeremy Lamb,Houston Rockets,Connecticut,2012,1,12,12,HOU
Kendall Marshall,Phoenix Suns,North Carolina,2012,1,13,13,PHX
John Henson,Milwaukee Bucks,North Carolina,2012,1,14,14,MIL
Maurice Harkless,Philadelphia 76Ers,St. John's (NY),2012,1,15,15,PHI
Royce White,Houston Rockets,Iowa State,2012,1,16,16,HOU
Tyler Zeller,Dallas Mavericks,North Carolina,2012,1,17,17,DAL
Terrence Jones,Houston Rockets,Kentucky,2012,1,18,18,HOU
Andrew Nicholson,Orlando Magic,St. Bonaventure,2012,1,19,19,ORL
Evan Fournier,Denver Nuggets,Poitiers Basket 86 (France),2012,1,20,20,DEN
Jared Sullinger,Boston Celtics,Ohio State,2012,1,21,21,BOS
Fab Melo,Boston Celtics,Syracuse,2012,1,22,22,BOS
John Jenkins,Atlanta Hawks,Vanderbilt,2012,1,23,23,ATL
Jared Cunningham,Cleveland Cavaliers,Oregon State,2012,1,24,24,CLE
Tony Wroten,Memphis Grizzlies,Washington,2012,1,25,25,MEM
Miles Plumlee,Indiana Pacers,Duke,2012,1,26,26,IND
Arnett Moultrie,Miami Heat,Mississippi State,2012,1,27,27,MIA
Perry Jones III,Oklahoma City Thunder,Baylor,2012,1,28,28,OKC
Marquis Teague,Chicago Bulls,Kentucky,2012,1,29,29,CHI
Festus Ezeli,Golden State Warriors,Vanderbilt,2012,1,30,30,GSW
Jeffery Taylor,Charlotte Bobcats,Vanderbilt,2012,2,1,31,CHA
Tomas Satoransky,Washington Wizards,CB Sevilla (Spain),2012,2,2,32,WAS
Bernard James,Cleveland Cavaliers,Florida State,2012,2,3,33,CLE
Jae Crowder,Cleveland Cavaliers,Marquette,2012,2,4,34,CLE
Draymond Green,Golden State Warriors,Michigan State,2012,2,5,35,GSW
Orlando Johnson,Sacramento Kings,California-Santa Barbara,2012,2,6,36,SAC
Quincy Acy,Toronto Raptors,Baylor,2012,2,7,37,TOR
Quincy Miller,Denver Nuggets,Baylor,2012,2,8,38,DEN
Khris Middleton,Detroit Pistons,Texas A&M,2012,2,9,39,DET
Will Barton,Portland Trail Blazers,Memphis,2012,2,10,40,POR
Tyshawn Taylor,Portland Trail Blazers,Kansas,2012,2,11,41,POR
Doron Lamb,Milwaukee Bucks,Kentucky,2012,2,12,42,MIL
Mike Scott,Atlanta Hawks,Virginia,2012,2,13,43,ATL
Kim English,Detroit Pistons,Missouri,2012,2,14,44,DET
Justin Hamilton,Philadelphia 76Ers,Louisiana State,2012,2,15,45,PHI
Darius Miller,New Orleans Hornets,Kentucky,2012,2,16,46,NOP
Kevin Murphy,Utah Jazz,Tennessee Tech,2012,2,17,47,UTA
Kostas Papanikolaou,New York Knicks,Olympiacos B.C. (Greece),2012,2,18,48,NYK
Kyle O'Quinn,Orlando Magic,Norfolk State,2012,2,19,49,ORL
Izzet Turkyilmaz,Denver Nuggets,Banvit B.K. (Turkey),2012,2,20,50,DEN
Kris Joseph,Boston Celtics,Syracuse,2012,2,21,51,BOS
Ognjen Kuzmic,Golden State Warriors,CB Axarquia (Spain),2012,2,22,52,GSW
Furkan Aldemir,Los Angeles Clippers,Galatasaray S.K. (Turkey),2012,2,23,53,LAC
Tornike Shengelia,Philadelphia 76Ers,Georgia,2012,2,24,54,PHI
Darius Johnson-Odom,Dallas Mavericks,Marquette,2012,2,25,55,DAL
Tomislav Zubcic,Toronto Raptors,KK Cibona (Croatia),2012,2,26,56,TOR
Ilkan Karaman,Brooklyn Nets,Pinar Karsiyaka (Turkey),2012,2,27,57,BKN
Robbie Hummel,Minnesota Timberwolves,Purdue,2012,2,28,58,MIN
Marcus Denmon,San Antonio Spurs,Missouri,2012,2,29,59,SAS
Robert Sacre,Los Angeles Lakers,Gonzaga,2012,2,30,60,LAL
Kyrie Irving,Cleveland Cavaliers,Duke,2011,1,1,1,CLE
Derrick Williams,Minnesota Timberwolves,Arizona,2011,1,2,2,MIN
Enes Freedom,Utah Jazz,Kentucky,2011,1,3,3,UTA
Tristan Thompson,Cleveland Cavaliers,Texas,2011,1,4,4,CLE
Jonas Valančiūnas,Toronto Raptors,BC Lietuvos rytas (Lithuania),2011,1,5,5,TOR
Jan Vesely,Washington Wizards,KK Partizan (Serbia),2011,1,6,6,WAS
Bismack Biyombo,Sacramento Kings,Baloncesto Fuenlabrada (Spain),2011,1,7,7,SAC
Brandon Knight,Detroit Pistons,Kentucky,2011,1,8,8,DET
Kemba Walker,Charlotte Bobcats,Connecticut,2011,1,9,9,CHA
Jimmer Fredette,Milwaukee Bucks,Brigham Young,2011,1,10,10,MIL
Klay Thompson,Golden State Warriors,Washington State,2011,1,11,11,GSW
Alec Burks,Utah Jazz,Colorado,2011,1,12,12,UTA
Markieff Morris,Phoenix Suns,Kansas,2011,1,13,13,PHX
Marcus Morris Sr.,Houston Rockets,Kansas,2011,1,14,14,HOU
Kawhi Leonard,Indiana Pacers,San Diego State,2011,1,15,15,IND
Nikola Vučević,Philadelphia 76Ers,Southern California,2011,1,16,16,PHI
Iman Shumpert,New York Knicks,Georgia Tech,2011,1,17,17,NYK
Chris Singleton,Washington Wizards,Florida State,2011,1,18,18,WAS
Tobias Harris,Charlotte Bobcats,Tennessee,2011,1,19,19,CHA
Donatas Motiejunas,Minnesota Timberwolves,Universo Treviso Basket (Italy),2011,1,20,20,MIN
Nolan Smith,Portland Trail Blazers,Duke,2011,1,21,21,POR
Kenneth Faried,Denver Nuggets,Morehead State,2011,1,22,22,DEN
Nikola Mirotic,Houston Rockets,Real Madrid Baloncesto (Spain),2011,1,23,23,HOU
Reggie Jackson,Oklahoma City Thunder,Boston College,2011,1,24,24,OKC
MarShon Brooks,Boston Celtics,Providence,2011,1,25,25,BOS
Jordan Hamilton,Dallas Mavericks,Texas,2011,1,26,26,DAL
JaJuan Johnson,New Jersey Nets,Purdue,2011,1,27,27,NJN
Norris Cole,Chicago Bulls,Cleveland State,2011,1,28,28,CHI
Cory Joseph,San Antonio Spurs,Texas,2011,1,29,29,SAS
Jimmy Butler III,Chicago Bulls,Marquette,2011,1,30,30,CHI
Bojan Bogdanović,Miami Heat,KK Partizan (Serbia),2011,2,1,31,MIA
Justin Harper,Cleveland Cavaliers,Richmond,2011,2,2,32,CLE
Kyle Singler,Detroit Pistons,Duke,2011,2,3,33,DET
Shelvin Mack,Washington Wizards,Butler,2011,2,4,34,WAS
Tyler Honeycutt,Sacramento Kings,California-Los Angeles,2011,2,5,35,SAC
Jordan Williams,New Jersey Nets,Maryland,2011,2,6,36,NJN
Trey Thompkins,Los Angeles Clippers,Georgia,2011,2,7,37,LAC
Chandler Parsons,Houston Rockets,Florida,2011,2,8,38,HOU
Jeremy Tyler,Charlotte Bobcats,Tokyo Apache (Japan),2011,2,9,39,CHA
Jon Leuer,Milwaukee Bucks,Wisconsin,2011,2,10,40,MIL
Darius Morris,Los Angeles Lakers,Michigan,2011,2,11,41,LAL
Dāvis Bertāns,Indiana Pacers,KK Olimpija (Slovenia),2011,2,12,42,IND
Malcolm Lee,Chicago Bulls,California-Los Angeles,2011,2,13,43,CHI
Charles Jenkins,Golden State Warriors,Hofstra,2011,2,14,44,GSW
Josh Harrellson,New Orleans Hornets,Kentucky,2011,2,15,45,NOP
Andrew Goudelock,Los Angeles Lakers,College of Charleston,2011,2,16,46,LAL
Travis Leslie,Los Angeles Clippers,Georgia,2011,2,17,47,LAC
Keith Benson,Atlanta Hawks,Oakland,2011,2,18,48,ATL
Josh Selby,Memphis Grizzlies,Kansas,2011,2,19,49,MEM
Lavoy Allen,Philadelphia 76Ers,Temple,2011,2,20,50,PHI
Jon Diebler,Portland Trail Blazers,Ohio State,2011,2,21,51,POR
Vernon Macklin,Detroit Pistons,Florida,2011,2,22,52,DET
DeAndre Liggins,Orlando Magic,Kentucky,2011,2,23,53,ORL
MIlan Macvan,Cleveland Cavaliers,Maccabi Tel Aviv B.C. (Israel),2011,2,24,54,CLE
E'Twaun Moore,Boston Celtics,Purdue,2011,2,25,55,BOS
Chukwudiebere Maduabum,Los Angeles Lakers,Bakersfield Jam (D-League),2011,2,26,56,LAL
Tanguy Ngombo,Dallas Mavericks,Al Rayyan Basketball Team (Qatar),2011,2,27,57,DAL
Ater Majok,Los Angeles Lakers,Gold Coast Blaze (Australia),2011,2,28,58,LAL
Adam Hanga,San Antonio Spurs,Alba Fehervar (Hungary),2011,2,29,59,SAS
Isaiah Thomas,Sacramento Kings,Washington,2011,2,30,60,SAC
John Wall,Washington Wizards,Kentucky,2010,1,1,1,WAS
Evan Turner,Philadelphia 76Ers,Ohio State,2010,1,2,2,PHI
Derrick Favors,New Jersey Nets,Georgia Tech,2010,1,3,3,NJN
Wesley Johnson,Minnesota Timberwolves,Syracuse,2010,1,4,4,MIN
DeMarcus Cousins,Sacramento Kings,Kentucky,2010,1,5,5,SAC
Ekpe Udoh,Golden State Warriors,Baylor,2010,1,6,6,GSW
Greg Monroe,Detroit Pistons,Georgetown,2010,1,7,7,DET
Al-Farouq Aminu,Los Angeles Clippers,Wake Forest,2010,1,8,8,LAC
Gordon Hayward,Utah Jazz,Butler,2010,1,9,9,UTA
Paul George,Indiana Pacers,Fresno State,2010,1,10,10,IND
Cole Aldrich,New Orleans Hornets,Kansas,2010,1,11,11,NOP
Xavier Henry,Memphis Grizzlies,Kansas,2010,1,12,12,MEM
Ed Davis,Toronto Raptors,North Carolina,2010,1,13,13,TOR
Patrick Patterson,Houston Rockets,Kentucky,2010,1,14,14,HOU
Larry Sanders,Milwaukee Bucks,Virginia Commonwealth,2010,1,15,15,MIL
Luke Babbitt,Minnesota Timberwolves,Nevada-Reno,2010,1,16,16,MIN
Kevin Seraphin,Chicago Bulls,Cholet Basket (France),2010,1,17,17,CHI
Eric Bledsoe,Oklahoma City Thunder,Kentucky,2010,1,18,18,OKC
Avery Bradley,Boston Celtics,Texas,2010,1,19,19,BOS
James Anderson,San Antonio Spurs,Oklahoma State,2010,1,20,20,SAS
Craig Brackins,Oklahoma City Thunder,Iowa State,2010,1,21,21,OKC
Elliot Williams,Portland Trail Blazers,Memphis,2010,1,22,22,POR
Trevor Booker,Minnesota Timberwolves,Clemson,2010,1,23,23,MIN
Damion James,Atlanta Hawks,Texas,2010,1,24,24,ATL
Dominique Jones,Memphis Grizzlies,South Florida,2010,1,25,25,MEM
Quincy Pondexter,Oklahoma City Thunder,Washington,2010,1,26,26,OKC
Jordan Crawford,New Jersey Nets,Xavier,2010,1,27,27,NJN
Greivis Vasquez,Memphis Grizzlies,Maryland,2010,1,28,28,MEM
Daniel Orton,Orlando Magic,Kentucky,2010,1,29,29,ORL
Lazar Hayward,Washington Wizards,Marquette,2010,1,30,30,WAS
Tibor Pleiss,New Jersey Nets,Brose Baskets (Germany),2010,2,1,31,NJN
Dexter Pittman,Miami Heat,Texas,2010,2,2,32,MIA
Hassan Whiteside,Sacramento Kings,Marshall,2010,2,3,33,SAC
Armon Johnson,Portland Trail Blazers,Nevada-Reno,2010,2,4,34,POR
Nemanja Bjelica,Washington Wizards,KK Crvena zvezda (Serbia),2010,2,5,35,WAS
Terrico White,Detroit Pistons,Mississippi,2010,2,6,36,DET
Darington Hobson,Milwaukee Bucks,New Mexico,2010,2,7,37,MIL
Andy Rautins,New York Knicks,Syracuse,2010,2,8,38,NYK
Landry Fields,New York Knicks,Stanford,2010,2,9,39,NYK
Lance Stephenson,Indiana Pacers,Cincinnati,2010,2,10,40,IND
Jarvis Varnado,Miami Heat,Mississippi State,2010,2,11,41,MIA
Da'Sean Butler,Miami Heat,West Virginia,2010,2,12,42,MIA
Devin Ebanks,Los Angeles Lakers,West Virginia,2010,2,13,43,LAL
Jerome Jordan,Milwaukee Bucks,Tulsa,2010,2,14,44,MIL
Paulao Prestes,Minnesota Timberwolves,CB Murcia (Spain),2010,2,15,45,MIN
Gani Lawal,Phoenix Suns,Georgia Tech,2010,2,16,46,PHX
Tiny Gallon,Milwaukee Bucks,Oklahoma,2010,2,17,47,MIL
Latavious Williams,Miami Heat,Tulsa 66ers (D-League),2010,2,18,48,MIA
Ryan Richards,San Antonio Spurs,CB Gran Canaria (Spain),2010,2,19,49,SAS
Solomon Alabi,Dallas Mavericks,Florida State,2010,2,20,50,DAL
Magnum Rolle,Oklahoma City Thunder,Louisiana Tech,2010,2,21,51,OKC
Luke Harangody,Boston Celtics,Notre Dame,2010,2,22,52,BOS
Pape Sy,Atlanta Hawks,STB Le Havre (France),2010,2,23,53,ATL
Willie Warren,Los Angeles Clippers,Oklahoma,2010,2,24,54,LAC
Jeremy Evans,Utah Jazz,Western Kentucky,2010,2,25,55,UTA
Hamady Ndiaye,Minnesota Timberwolves,Rutgers,2010,2,26,56,MIN
Ryan Reid,Indiana Pacers,Florida State,2010,2,27,57,IND
Derrick Caracter,Los Angeles Lakers,Texas-El Paso,2010,2,28,58,LAL
Stanley Robinson,Orlando Magic,Connecticut,2010,2,29,59,ORL
Dwayne Collins,Phoenix Suns,Miami (FL),2010,2,30,60,PHX
Blake Griffin,Los Angeles Clippers,Oklahoma,2009,1,1,1,LAC
Hasheem Thabeet,Memphis Grizzlies,Connecticut,2009,1,2,2,MEM
James Harden,Oklahoma City Thunder,Arizona State,2009,1,3,3,OKC
Tyreke Evans,Sacramento Kings,Memphis,2009,1,4,4,SAC
Ricky Rubio,Minnesota Timberwolves,Joventut Badalona (Spain),2009,1,5,5,MIN
Jonny Flynn,Minnesota Timberwolves,Syracuse,2009,1,6,6,MIN
Stephen Curry,Golden State Warriors,Davidson,2009,1,7,7,GSW
Jordan Hill,New York Knicks,Arizona,2009,1,8,8,NYK
DeMar DeRozan,Toronto Raptors,Southern California,2009,1,9,9,TOR
Brandon Jennings,Milwaukee Bucks,Pallacanestro Virtus Roma (Italy),2009,1,10,10,MIL
Terrence Williams,New Jersey Nets,Louisville,2009,1,11,11,NJN
Gerald Henderson,Charlotte Bobcats,Duke,2009,1,12,12,CHA
Tyler Hansbrough,Indiana Pacers,North Carolina,2009,1,13,13,IND
Earl Clark,Phoenix Suns,Louisville,2009,1,14,14,PHX
Austin Daye,Detroit Pistons,Gonzaga,2009,1,15,15,DET
James Johnson,Chicago Bulls,Wake Forest,2009,1,16,16,CHI
Jrue Holiday,Philadelphia 76Ers,California-Los Angeles,2009,1,17,17,PHI
Ty Lawson,Minnesota Timberwolves,North Carolina,2009,1,18,18,MIN
Jeff Teague,Atlanta Hawks,Wake Forest,2009,1,19,19,ATL
Eric Maynor,Utah Jazz,Virginia Commonwealth,2009,1,20,20,UTA
Darren Collison,New Orleans Hornets,California-Los Angeles,2009,1,21,21,NOP
Victor Claver,Portland Trail Blazers,Valencia BC (Spain),2009,1,22,22,POR
Omri Casspi,Sacramento Kings,Maccabi Tel Aviv B.C. (Israel),2009,1,23,23,SAC
Byron Mullens,Dallas Mavericks,Ohio State,2009,1,24,24,DAL
Rodrigue Beaubois,Oklahoma City Thunder,Cholet Basket (France),2009,1,25,25,OKC
Taj Gibson,Chicago Bulls,Southern California,2009,1,26,26,CHI
DeMarre Carroll,Memphis Grizzlies,Missouri,2009,1,27,27,MEM
Wayne Ellington,Minnesota Timberwolves,North Carolina,2009,1,28,28,MIN
Toney Douglas,Los Angeles Lakers,Florida State,2009,1,29,29,LAL
Christian Eyenga,Cleveland Cavaliers,CB Prat (Spain),2009,1,30,30,CLE
Jeff Ayres,Sacramento Kings,Arizona State,2009,2,1,31,SAC
Jermaine Taylor,Washington Wizards,Central Florida,2009,2,2,32,WAS
Dante Cunningham,Portland Trail Blazers,Villanova,2009,2,3,33,POR
Sergio Llull,Denver Nuggets,Real Madrid Baloncesto (Spain),2009,2,4,34,DEN
DaJuan Summers,Detroit Pistons,Georgetown,2009,2,5,35,DET
Sam Young,Memphis Grizzlies,Pittsburgh,2009,2,6,36,MEM
DeJuan Blair,San Antonio Spurs,Pittsburgh,2009,2,7,37,SAS
Jon Brockman,Portland Trail Blazers,Washington,2009,2,8,38,POR
Jonas Jerebko,Detroit Pistons,Pallacanestro Biella (Italy),2009,2,9,39,DET
Derrick Brown,Charlotte Bobcats,Xavier,2009,2,10,40,CHA
Jodie Meeks,Milwaukee Bucks,Kentucky,2009,2,11,41,MIL
Patrick Beverley,Los Angeles Lakers,BC Dnipro (Ukraine),2009,2,12,42,LAL
Marcus Thornton,Miami Heat,Louisiana State,2009,2,13,43,MIA
Chase Budinger,Detroit Pistons,Arizona,2009,2,14,44,DET
Nick Calathes,Minnesota Timberwolves,Florida,2009,2,15,45,MIN
Danny Green,Cleveland Cavaliers,North Carolina,2009,2,16,46,CLE
Henk Norel,Minnesota Timberwolves,Joventut Badalona (Spain),2009,2,17,47,MIN
Taylor Griffin,Phoenix Suns,Oklahoma,2009,2,18,48,PHX
Sergiy Gladyr,Atlanta Hawks,MBC Mykolaiv (Ukraine),2009,2,19,49,ATL
Goran Suton,Utah Jazz,Michigan State,2009,2,20,50,UTA
Jack McClinton,San Antonio Spurs,Miami (FL),2009,2,21,51,SAS
AJ Price,Indiana Pacers,Connecticut,2009,2,22,52,IND
Nando De Colo,San Antonio Spurs,Cholet Basket (France),2009,2,23,53,SAS
Robert Vaden,Charlotte Bobcats,Alabama-Birmingham,2009,2,24,54,CHA
Patty Mills,Portland Trail Blazers,St. Mary's (CA),2009,2,25,55,POR
Ahmad Nivins,Dallas Mavericks,Saint Joseph's,2009,2,26,56,DAL
Emir Preldzic,Phoenix Suns,Fenerbahce S.K. (Turkey),2009,2,27,57,PHX
Lester Hudson,Boston Celtics,Tennessee-Martin,2009,2,28,58,BOS
Chinemelu Elonu,Los Angeles Lakers,Texas A&M,2009,2,29,59,LAL
Robert Dozier,Miami Heat,Memphis,2009,2,30,60,MIA
Derrick Rose,Chicago Bulls,Memphis,2008,1,1,1,CHI
Michael Beasley,Miami Heat,Kansas State,2008,1,2,2,MIA
O.J. Mayo,Minnesota Timberwolves,Southern California,2008,1,3,3,MIN
Russell Westbrook,Oklahoma City Thunder,California-Los Angeles,2008,1,4,4,OKC
Kevin Love,Memphis Grizzlies,California-Los Angeles,2008,1,5,5,MEM
Danilo Gallinari,New York Knicks,Olimpia Milano (Italy),2008,1,6,6,NYK
Eric Gordon,Los Angeles Clippers,Indiana,2008,1,7,7,LAC
Joe Alexander,Milwaukee Bucks,West Virginia,2008,1,8,8,MIL
D.J. Augustin,Charlotte Bobcats,Texas,2008,1,9,9,CHA
Brook Lopez,New Jersey Nets,Stanford,2008,1,10,10,NJN
Jerryd Bayless,Indiana Pacers,Arizona,2008,1,11,11,IND
Jason Thompson,Sacramento Kings,Rider,2008,1,12,12,SAC
Brandon Rush,Portland Trail Blazers,Kansas,2008,1,13,13,POR
Anthony Randolph,Golden State Warriors,Louisiana State,2008,1,14,14,GSW
Robin Lopez,Phoenix Suns,Stanford,2008,1,15,15,PHX
Marreese Speights,Philadelphia 76Ers,Florida,2008,1,16,16,PHI
Roy Hibbert,Toronto Raptors,Georgetown,2008,1,17,17,TOR
JaVale McGee,Washington Wizards,Nevada-Reno,2008,1,18,18,WAS
JJ Hickson,Cleveland Cavaliers,North Carolina State,2008,1,19,19,CLE
Alexis Ajinca,Charlotte Bobcats,Hyeres-Toulon Var Basket (France),2008,1,20,20,CHA
Ryan Anderson,New Jersey Nets,California,2008,1,21,21,NJN
Courtney Lee,Orlando Magic,Western Kentucky,2008,1,22,22,ORL
Kosta Koufos,Utah Jazz,Ohio State,2008,1,23,23,UTA
Serge Ibaka,Oklahoma City Thunder,CB L'Hospitalet (Spain),2008,1,24,24,OKC
Nicolas Batum,Houston Rockets,Le Mans Sarthe Basket (France),2008,1,25,25,HOU
George Hill,San Antonio Spurs,IUPUI,2008,1,26,26,SAS
Darrell Arthur,New Orleans Hornets,Kansas,2008,1,27,27,NOP
Donte Greene,Memphis Grizzlies,Syracuse,2008,1,28,28,MEM
DJ White,Detroit Pistons,Indiana,2008,1,29,29,DET
J.R. Giddens,Boston Celtics,New Mexico,2008,1,30,30,BOS
Nikola Pekovic,Minnesota Timberwolves,KK Partizan (Serbia),2008,2,1,31,MIN
Walter Sharpe,Oklahoma City Thunder,Alabama-Birmingham,2008,2,2,32,OKC
Joey Dorsey,Portland Trail Blazers,Memphis,2008,2,3,33,POR
Mario Chalmers,Minnesota Timberwolves,Kansas,2008,2,4,34,MIN
DeAndre Jordan,Los Angeles Clippers,Texas A&M,2008,2,5,35,LAC
Omer Asik,Portland Trail Blazers,Fenerbahce S.K. (Turkey),2008,2,6,36,POR
Luc Mbah a Moute,Milwaukee Bucks,California-Los Angeles,2008,2,7,37,MIL
Kyle Weaver,Charlotte Bobcats,Washington State,2008,2,8,38,CHA
Sonny Weems,Chicago Bulls,Arkansas,2008,2,9,39,CHI
Chris Douglas-Roberts,New Jersey Nets,Memphis,2008,2,10,40,NJN
Nathan Jawai,Indiana Pacers,Cairns Taipans (Australia),2008,2,11,41,IND
Sean Singletary,Sacramento Kings,Virginia,2008,2,12,42,SAC
Patrick Ewing,Sacramento Kings,Georgetown,2008,2,13,43,SAC
Ante Tomic,Utah Jazz,KK Zagreb (Croatia),2008,2,14,44,UTA
Goran Dragic,San Antonio Spurs,KK Olimpija (Slovenia),2008,2,15,45,SAS
Trent Plaisted,Oklahoma City Thunder,Brigham Young,2008,2,16,46,OKC
Henry Walker,Washington Wizards,Kansas State,2008,2,17,47,WAS
Malik Hairston,Phoenix Suns,Oregon,2008,2,18,48,PHX
Richard Hendrix,Golden State Warriors,Alabama,2008,2,19,49,GSW
DeVon Hardin,Oklahoma City Thunder,California,2008,2,20,50,OKC
Shan Foster,Dallas Mavericks,Vanderbilt,2008,2,21,51,DAL
Darnell Jackson,Miami Heat,Kansas,2008,2,22,52,MIA
Tadija Dragicevic,Utah Jazz,KK Crvena zvezda (Serbia),2008,2,23,53,UTA
Maarty Leunen,Houston Rockets,Oregon,2008,2,24,54,HOU
Mike Taylor,Portland Trail Blazers,Idaho Stampede (D-League),2008,2,25,55,POR
Sasha Kaun,Oklahoma City Thunder,Kansas,2008,2,26,56,OKC
James Gist,San Antonio Spurs,Maryland,2008,2,27,57,SAS
Joe Crawford,Los Angeles Lakers,Kentucky,2008,2,28,58,LAL
Deron Washington,Detroit Pistons,Virginia Tech,2008,2,29,59,DET
Semih Erden,Boston Celtics,Fenerbahce S.K. (Turkey),2008,2,30,60,BOS
Greg Oden,Portland Trail Blazers,Ohio State,2007,1,1,1,POR
Kevin Durant,Seattle Supersonics,Texas,2007,1,2,2,SSS
Al Horford,Atlanta Hawks,Florida,2007,1,3,3,ATL
Mike Conley,Memphis Grizzlies,Ohio State,2007,1,4,4,MEM
Jeff Green,Boston Celtics,Georgetown,2007,1,5,5,BOS
Yi Jianlian,Milwaukee Bucks,Guangdong Southern Tigers (China),2007,1,6,6,MIL
Corey Brewer,Minnesota Timberwolves,Florida,2007,1,7,7,MIN
Brandan Wright,Charlotte Bobcats,North Carolina,2007,1,8,8,CHA
Joakim Noah,Chicago Bulls,Florida,2007,1,9,9,CHI
Spencer Hawes,Sacramento Kings,Washington,2007,1,10,10,SAC
Acie Law,Atlanta Hawks,Texas A&M,2007,1,11,11,ATL
Thaddeus Young,Philadelphia 76Ers,Georgia Tech,2007,1,12,12,PHI
Julian Wright,New Orleans Hornets,Kansas,2007,1,13,13,NOP
Al Thornton,Los Angeles Clippers,Florida State,2007,1,14,14,LAC
Rodney Stuckey,Detroit Pistons,Eastern Washington,2007,1,15,15,DET
Nick Young,Washington Wizards,Southern California,2007,1,16,16,WAS
Sean Williams,New Jersey Nets,Boston College,2007,1,17,17,NJN
Marco Belinelli,Golden State Warriors,Fortitudo Pallacanestro Bologna (Italy),2007,1,18,18,GSW
Javaris Crittenton,Los Angeles Lakers,Georgia Tech,2007,1,19,19,LAL
Jason Smith,Miami Heat,Colorado State,2007,1,20,20,MIA
Daequan Cook,Philadelphia 76Ers,Ohio State,2007,1,21,21,PHI
Jared Dudley,Charlotte Bobcats,Boston College,2007,1,22,22,CHA
Wilson Chandler,New York Knicks,DePaul,2007,1,23,23,NYK
Rudy Fernandez,Phoenix Suns,Joventut Badalona (Spain),2007,1,24,24,PHX
Morris Almond,Utah Jazz,Rice,2007,1,25,25,UTA
Aaron Brooks,Houston Rockets,Oregon,2007,1,26,26,HOU
Arron Afflalo,Detroit Pistons,California-Los Angeles,2007,1,27,27,DET
Tiago Splitter,San Antonio Spurs,Saski Baskonia (Spain),2007,1,28,28,SAS
Alando Tucker,Phoenix Suns,Wisconsin,2007,1,29,29,PHX
Petteri Koponen,Philadelphia 76Ers,Espoon Honka (Finland),2007,1,30,30,PHI
Carl Landry,Seattle Supersonics,Purdue,2007,2,1,31,SSS
Gabe Pruitt,Boston Celtics,Southern California,2007,2,2,32,BOS
Marcus Williams,San Antonio Spurs,Arizona,2007,2,3,33,SAS
Nick Fazekas,Dallas Mavericks,Nevada-Reno,2007,2,4,34,DAL
Glen Davis,Seattle Supersonics,Louisiana State,2007,2,5,35,SSS
Jermareo Davidson,Golden State Warriors,Alabama,2007,2,6,36,GSW
Josh McRoberts,Portland Trail Blazers,Duke,2007,2,7,37,POR
Kyrylo Fesenko,Philadelphia 76Ers,Cherkaski Mavpy (Ukraine),2007,2,8,38,PHI
Stanko Barac,Miami Heat,HKK Siroki (Bosnia and Herzegovina),2007,2,9,39,MIA
Sun Sun,Los Angeles Lakers,Beijing Olympians (China),2007,2,10,40,LAL
Chris Richard,Minnesota Timberwolves,Florida,2007,2,11,41,MIN
Derrick Byars,Portland Trail Blazers,Vanderbilt,2007,2,12,42,POR
Adam Haluska,New Orleans Hornets,Iowa,2007,2,13,43,NOP
Reyshawn Terry,Orlando Magic,North Carolina,2007,2,14,44,ORL
Jared Jordan,Los Angeles Clippers,Marist,2007,2,15,45,LAC
Stephane Lasme,Golden State Warriors,Massachusetts,2007,2,16,46,GSW
Dominic McGuire,Washington Wizards,Fresno State,2007,2,17,47,WAS
Marc Gasol,Los Angeles Lakers,CB Sant Josep (Spain),2007,2,18,48,LAL
Aaron Gray,Chicago Bulls,Pittsburgh,2007,2,19,49,CHI
Renaldas Seibutis,Dallas Mavericks,Maroussi B.C. (Greece),2007,2,20,50,DAL
JamesOn Curry,Chicago Bulls,Oklahoma State,2007,2,21,51,CHI
Taurean Green,Portland Trail Blazers,Florida,2007,2,22,52,POR
Demetris Nichols,Portland Trail Blazers,Syracuse,2007,2,23,53,POR
Brad Newley,Houston Rockets,Townsville Crocodiles (Australia),2007,2,24,54,HOU
Herbert Hill,Utah Jazz,Providence,2007,2,25,55,UTA
Ramon Sessions,Milwaukee Bucks,Nevada-Reno,2007,2,26,56,MIL
Sammy Mejia,Detroit Pistons,DePaul,2007,2,27,57,DET
Giorgos Printezis,San Antonio Spurs,Olympiacos B.C. (Greece),2007,2,28,58,SAS
DJ Strawberry,Phoenix Suns,Maryland,2007,2,29,59,PHX
Milovan Rakovic,Dallas Mavericks,KK Mega Leks (Serbia),2007,2,30,60,DAL
Andrea Bargnani,Toronto Raptors,Universo Treviso Basket (Italy),2006,1,1,1,TOR
LaMarcus Aldridge,Chicago Bulls,Texas,2006,1,2,2,CHI
Adam Morrison,Charlotte Bobcats,Gonzaga,2006,1,3,3,CHA
Tyrus Thomas,Portland Trail Blazers,Louisiana State,2006,1,4,4,POR
Shelden Williams,Atlanta Hawks,Duke,2006,1,5,5,ATL
Brandon Roy,Minnesota Timberwolves,Washington,2006,1,6,6,MIN
Randy Foye,Boston Celtics,Villanova,2006,1,7,7,BOS
Rudy Gay,Houston Rockets,Connecticut,2006,1,8,8,HOU
Patrick O'Bryant,Golden State Warriors,Bradley,2006,1,9,9,GSW
Mouhamed Sene,Seattle Supersonics,VOO Wolves Verviers-Pepinster (Belgium),2006,1,10,10,SSS
JJ Redick,Orlando Magic,Duke,2006,1,11,11,ORL
Hilton Armstrong,New Orleans/Oklahoma City Hornets,Connecticut,2006,1,12,12,NOOK
Thabo Sefolosha,Philadelphia 76Ers,Pallacanestro Biella (Italy),2006,1,13,13,PHI
Ronnie Brewer,Utah Jazz,Arkansas,2006,1,14,14,UTA
Cedric Simmons,New Orleans/Oklahoma City Hornets,North Carolina State,2006,1,15,15,NOOK
Rodney Carney,Chicago Bulls,Memphis,2006,1,16,16,CHI
Shawne Williams,Indiana Pacers,Memphis,2006,1,17,17,IND
Oleksiy Pecherov,Washington Wizards,Paris Basket Racing (France),2006,1,18,18,WAS
Quincy Douby,Sacramento Kings,Rutgers,2006,1,19,19,SAC
Renaldo Balkman,New York Knicks,South Carolina,2006,1,20,20,NYK
Rajon Rondo,Phoenix Suns,Kentucky,2006,1,21,21,PHX
Marcus Williams,New Jersey Nets,Connecticut,2006,1,22,22,NJN
Josh Boone,New Jersey Nets,Connecticut,2006,1,23,23,NJN
Kyle Lowry,Memphis Grizzlies,Villanova,2006,1,24,24,MEM
Shannon Brown,Cleveland Cavaliers,Michigan State,2006,1,25,25,CLE
Jordan Farmar,Los Angeles Lakers,California-Los Angeles,2006,1,26,26,LAL
Sergio Rodriguez,Phoenix Suns,CB Estudiantes (Spain),2006,1,27,27,PHX
Maurice Ager,Dallas Mavericks,Michigan State,2006,1,28,28,DAL
Mardy Collins,New York Knicks,Temple,2006,1,29,29,NYK
Joel Freeland,Portland Trail Blazers,CB Gran Canaria (Spain),2006,1,30,30,POR
James White,Portland Trail Blazers,Cincinnati,2006,2,1,31,POR
Steve Novak,Houston Rockets,Marquette,2006,2,2,32,HOU
Solomon Jones,Atlanta Hawks,South Florida,2006,2,3,33,ATL
Paul Davis,Los Angeles Clippers,Michigan State,2006,2,4,34,LAC
P.J. Tucker,Toronto Raptors,Texas,2006,2,5,35,TOR
Craig Smith,Minnesota Timberwolves,Boston College,2006,2,6,36,MIN
Bobby Jones,Minnesota Timberwolves,Washington,2006,2,7,37,MIN
Kosta Perovic,Golden State Warriors,KK Partizan (Serbia),2006,2,8,38,GSW
David Noel,Milwaukee Bucks,North Carolina,2006,2,9,39,MIL
Denham Brown,Seattle Supersonics,Connecticut,2006,2,10,40,SSS
James Augustine,Orlando Magic,Illinois,2006,2,11,41,ORL
Daniel Gibson,Cleveland Cavaliers,Texas,2006,2,12,42,CLE
Marcus Vinicius,New Orleans/Oklahoma City Hornets,Objetivo Sao Carlos (Brazil),2006,2,13,43,NOOK
Lior Eliyahu,Orlando Magic,Hapoel Galil Elyon (Israel),2006,2,14,44,ORL
Alexander Johnson,Indiana Pacers,Florida State,2006,2,15,45,IND
Dee Brown,Utah Jazz,Illinois,2006,2,16,46,UTA
Paul Millsap,Utah Jazz,Louisiana Tech,2006,2,17,47,UTA
Vladimir Veremeenko,Washington Wizards,CB Cornella (Spain),2006,2,18,48,WAS
Leon Powe,Denver Nuggets,California,2006,2,19,49,DEN
Ryan Hollins,Charlotte Bobcats,California-Los Angeles,2006,2,20,50,CHA
Cheikh Samb,Los Angeles Lakers,CB Cornella (Spain),2006,2,21,51,LAL
Guillermo Diaz,Los Angeles Clippers,Miami (FL),2006,2,22,52,LAC
Yotam Halperin,Seattle Supersonics,KK Olimpija (Slovenia),2006,2,23,53,SSS
Hassan Adams,New Jersey Nets,Arizona,2006,2,24,54,NJN
Ejike Ugboaja,Cleveland Cavaliers,Union Bank Lagos B.C. (Nigeria),2006,2,25,55,CLE
Edin Bavcic,Toronto Raptors,KK Bosna Royal (Bosnia and Herzegovina),2006,2,26,56,TOR
Loukas Mavrokefalidis,Minnesota Timberwolves,P.A.O.K. B.C. (Greece),2006,2,27,57,MIN
JR Pinnock,Dallas Mavericks,George Washington,2006,2,28,58,DAL
Damir Markota,San Antonio Spurs,KK Cibona (Croatia),2006,2,29,59,SAS
Will Blalock,Detroit Pistons,Iowa State,2006,2,30,60,DET
Andrew Bogut,Milwaukee Bucks,Utah,2005,1,1,1,MIL
Marvin Williams,Atlanta Hawks,North Carolina,2005,1,2,2,ATL
Deron Williams,Utah Jazz,Illinois,2005,1,3,3,UTA
Chris Paul,New Orleans/Oklahoma City Hornets,Wake Forest,2005,1,4,4,NOOK
Raymond Felton,Charlotte Bobcats,North Carolina,2005,1,5,5,CHA
Martell Webster,Portland Trail Blazers,Seattle Preparatory School,2005,1,6,6,POR
Charlie Villanueva,Toronto Raptors,Connecticut,2005,1,7,7,TOR
Channing Frye,New York Knicks,Arizona,2005,1,8,8,NYK
Ike Diogu,Golden State Warriors,Arizona State,2005,1,9,9,GSW
Andrew Bynum,Los Angeles Lakers,Saint Joseph,2005,1,10,10,LAL
Fran Vazquez,Orlando Magic,Baloncesto Malaga (Spain),2005,1,11,11,ORL
Yaroslav Korolev,Los Angeles Clippers,PBC CSKA Moscow (Russia),2005,1,12,12,LAC
Sean May,Charlotte Bobcats,North Carolina,2005,1,13,13,CHA
Rashad McCants,Minnesota Timberwolves,North Carolina,2005,1,14,14,MIN
Antoine Wright,New Jersey Nets,Texas A&M,2005,1,15,15,NJN
Joey Graham,Toronto Raptors,Oklahoma State,2005,1,16,16,TOR
Danny Granger,Indiana Pacers,New Mexico,2005,1,17,17,IND
Gerald Green,Boston Celtics,Gulf Shores Academy,2005,1,18,18,BOS
Hakim Warrick,Memphis Grizzlies,Syracuse,2005,1,19,19,MEM
Julius Hodge,Denver Nuggets,North Carolina State,2005,1,20,20,DEN
Nate Robinson,Phoenix Suns,Washington,2005,1,21,21,PHX
Jarrett Jack,Denver Nuggets,Georgia Tech,2005,1,22,22,DEN
Francisco Garcia,Sacramento Kings,Louisville,2005,1,23,23,SAC
Luther Head,Houston Rockets,Illinois,2005,1,24,24,HOU
Johan Petro,Seattle Supersonics,Elan Bearnais Pau-Orthez (France),2005,1,25,25,SSS
Jason Maxiell,Detroit Pistons,Cincinnati,2005,1,26,26,DET
Linas Kleiza,Portland Trail Blazers,Missouri,2005,1,27,27,POR
Ian Mahinmi,San Antonio Spurs,STB Le Havre (France),2005,1,28,28,SAS
Wayne Simien,Miami Heat,Kansas,2005,1,29,29,MIA
David Lee,New York Knicks,Florida,2005,1,30,30,NYK
Salim Stoudamire,Atlanta Hawks,Arizona,2005,2,1,31,ATL
Daniel Ewing,Los Angeles Clippers,Duke,2005,2,2,32,LAC
Brandon Bass,New Orleans/Oklahoma City Hornets,Louisiana State,2005,2,3,33,NOOK
CJ Miles,Utah Jazz,Skyline,2005,2,4,34,UTA
Ricky Sanchez,Portland Trail Blazers,IMG Academy,2005,2,5,35,POR
Ersan Ilyasova,Milwaukee Bucks,Ulkerspor (Turkey),2005,2,6,36,MIL
Ronny Turiaf,Los Angeles Lakers,Gonzaga,2005,2,7,37,LAL
Travis Diener,Orlando Magic,Marquette,2005,2,8,38,ORL
Von Wafer,Los Angeles Lakers,Florida State,2005,2,9,39,LAL
Monta Ellis,Golden State Warriors,Lanier,2005,2,10,40,GSW
Roko Ukic,Toronto Raptors,KK Split (Croatia),2005,2,11,41,TOR
Chris Taft,Golden State Warriors,Pittsburgh,2005,2,12,42,GSW
Mile Ilic,New Jersey Nets,KK FMP (Serbia),2005,2,13,43,NJN
Martynas Andriuskevicius,Orlando Magic,BC Zalgiris (Lithuania),2005,2,14,44,ORL
Lou Williams,Philadelphia 76Ers,South Gwinnett,2005,2,15,45,PHI
Erazem Lorbek,Indiana Pacers,Fortitudo Pallacanestro Bologna (Italy),2005,2,16,46,IND
Bracey Wright,Minnesota Timberwolves,Indiana,2005,2,17,47,MIN
Mickael Gelabale,Seattle Supersonics,Real Madrid Baloncesto (Spain),2005,2,18,48,SSS
Andray Blatche,Washington Wizards,South Kent School,2005,2,19,49,WAS
Ryan Gomes,Boston Celtics,Providence,2005,2,20,50,BOS
Robert Whaley,Utah Jazz,Walsh,2005,2,21,51,UTA
Axel Hervelle,Denver Nuggets,Real Madrid Baloncesto (Spain),2005,2,22,52,DEN
Orien Greene,Boston Celtics,Louisiana-Lafayette,2005,2,23,53,BOS
Dijon Thompson,New York Knicks,California-Los Angeles,2005,2,24,54,NYK
Lawrence Roberts,Seattle Supersonics,Mississippi,2005,2,25,55,SSS
Amir Johnson,Detroit Pistons,Westchester,2005,2,26,56,DET
Marcin Gortat,Phoenix Suns,Koln 99ers (Germany),2005,2,27,57,PHX
Uros Slokar,Toronto Raptors,Pallalcesto Amatori Udine (Italy),2005,2,28,58,TOR
Cenk Akyol,Atlanta Hawks,Anadolu Efes S.K. (Turkey),2005,2,29,59,ATL
Alex Acker,Detroit Pistons,Pepperdine,2005,2,30,60,DET
Dwight Howard,Orlando Magic,Southwest Atlanta Christian Academy,2004,1,1,1,ORL
Emeka Okafor,Charlotte Bobcats,Connecticut,2004,1,2,2,CHA
Ben Gordon,Chicago Bulls,Connecticut,2004,1,3,3,CHI
Shaun Livingston,Los Angeles Clippers,Peoria,2004,1,4,4,LAC
Devin Harris,Washington Wizards,Wisconsin,2004,1,5,5,WAS
Josh Childress,Atlanta Hawks,Stanford,2004,1,6,6,ATL
Luol Deng,Phoenix Suns,Duke,2004,1,7,7,PHX
Rafael Araujo,Toronto Raptors,Brigham Young,2004,1,8,8,TOR
Andre Iguodala,Philadelphia 76Ers,Arizona,2004,1,9,9,PHI
Luke Jackson,Cleveland Cavaliers,Oregon,2004,1,10,10,CLE
Andris Biedrins,Golden State Warriors,BK Skonto (Latvia),2004,1,11,11,GSW
Robert Swift,Seattle Supersonics,Bakersfield,2004,1,12,12,SSS
Sebastian Telfair,Portland Trail Blazers,Abraham Lincoln,2004,1,13,13,POR
Kris Humphries,Utah Jazz,Minnesota,2004,1,14,14,UTA
Al Jefferson,Boston Celtics,Prentiss,2004,1,15,15,BOS
Kirk Snyder,Utah Jazz,Nevada-Reno,2004,1,16,16,UTA
Josh Smith,Atlanta Hawks,Oak Hill Academy,2004,1,17,17,ATL
JR Smith,New Orleans Hornets,Saint Benedict's Preparatory School,2004,1,18,18,NOP
Dorell Wright,Miami Heat,South Kent School,2004,1,19,19,MIA
Jameer Nelson,Denver Nuggets,Saint Joseph's,2004,1,20,20,DEN
Pavel Podkolzin,Utah Jazz,Pallacanestro Varese (Italy),2004,1,21,21,UTA
Viktor Khryapa,New Jersey Nets,PBC CSKA Moscow (Russia),2004,1,22,22,NJN
Sergei Monia,Portland Trail Blazers,PBC CSKA Moscow (Russia),2004,1,23,23,POR
Delonte West,Boston Celtics,Saint Joseph's,2004,1,24,24,BOS
Tony Allen,Boston Celtics,Oklahoma State,2004,1,25,25,BOS
Kevin Martin,Sacramento Kings,Western Carolina,2004,1,26,26,SAC
Sasha Vujacic,Los Angeles Lakers,Pallalcesto Amatori Udine (Italy),2004,1,27,27,LAL
Beno Udrih,San Antonio Spurs,Olimpia Milano (Italy),2004,1,28,28,SAS
David Harrison,Indiana Pacers,Colorado,2004,1,29,29,IND
Anderson Varejao,Orlando Magic,FC Barcelona Basquet (Spain),2004,2,1,30,ORL
Jackson Vroman,Chicago Bulls,Iowa State,2004,2,2,31,CHI
Peter John Ramos,Washington Wizards,Criollos de Caguas (Puerto Rico),2004,2,3,32,WAS
Lionel Chalmers,Los Angeles Clippers,Xavier,2004,2,4,33,LAC
Donta Smith,Atlanta Hawks,Southeastern Illinois,2004,2,5,34,ATL
Andre Emmett,Seattle Supersonics,Texas Tech,2004,2,6,35,SSS
Antonio Burks,Orlando Magic,Memphis,2004,2,7,36,ORL
Royal Ivey,Atlanta Hawks,Brigham Young,2004,2,8,37,ATL
Chris Duhon,Chicago Bulls,Duke,2004,2,9,38,CHI
Albert Miralles,Toronto Raptors,Roseto Sharks (Italy),2004,2,10,39,TOR
Justin Reed,Boston Celtics,Mississippi,2004,2,11,40,BOS
David Young,Seattle Supersonics,North Carolina Central,2004,2,12,41,SSS
Viktor Sanikidze,Atlanta Hawks,JDA Dijon Basket (France),2004,2,13,42,ATL
Trevor Ariza,New York Knicks,California-Los Angeles,2004,2,14,43,NYK
Tim Pickett,New Orleans Hornets,Florida State,2004,2,15,44,NOP
Bernard Robinson,Charlotte Bobcats,Michigan,2004,2,16,45,CHA
Ha Ha,Portland Trail Blazers,Yonsei (KOR),2004,2,17,46,POR
Pape Sow,Miami Heat,Cal State-Fullerton,2004,2,18,47,MIA
Ricky Minard,Sacramento Kings,Morehead State,2004,2,19,48,SAC
Sergei Lishouk,Memphis Grizzlies,Miami (FL),2004,2,20,49,MEM
Vassilis Spanoulis,Dallas Mavericks,Maroussi B.C. (Greece),2004,2,21,50,DAL
Christian Drejer,New Jersey Nets,FC Barcelona Basquet (Spain),2004,2,22,51,NJN
Romain Sato,San Antonio Spurs,Xavier,2004,2,23,52,SAS
Matt Freije,Miami Heat,Vanderbilt,2004,2,24,53,MIA
Rickey Paulding,Detroit Pistons,Missouri,2004,2,25,54,DET
Luis Flores,Houston Rockets,Manhattan,2004,2,26,55,HOU
Marcus Douthit,Los Angeles Lakers,Providence,2004,2,27,56,LAL
Sergei Karaulov,San Antonio Spurs,Sakha-Yakutia Yakutsk (Russia),2004,2,28,57,SAS
Blake Stepp,Minnesota Timberwolves,Gonzaga,2004,2,29,58,MIN
Rashad Wright,Indiana Pacers,Georgia,2004,2,30,59,IND
LeBron James,Cleveland Cavaliers,Saint Vincent-Saint Mary,2003,1,1,1,CLE
Darko Milicic,Detroit Pistons,KK Vrsac (Serbia),2003,1,2,2,DET
Carmelo Anthony,Denver Nuggets,Syracuse,2003,1,3,3,DEN
Chris Bosh,Toronto Raptors,Georgia Tech,2003,1,4,4,TOR
Dwyane Wade,Miami Heat,Marquette,2003,1,5,5,MIA
Chris Kaman,Los Angeles Clippers,Central Michigan,2003,1,6,6,LAC
Kirk Hinrich,Chicago Bulls,Kansas,2003,1,7,7,CHI
T.J. Ford,Milwaukee Bucks,Texas,2003,1,8,8,MIL
Michael Sweetney,New York Knicks,Georgetown,2003,1,9,9,NYK
Jarvis Hayes,Washington Wizards,Georgia,2003,1,10,10,WAS
Mickael Pietrus,Golden State Warriors,Elan Bearnais Pau-Orthez (France),2003,1,11,11,GSW
Nick Collison,Seattle Supersonics,Kansas,2003,1,12,12,SSS
Marcus Banks,Memphis Grizzlies,Nevada-Las Vegas,2003,1,13,13,MEM
Luke Ridnour,Seattle Supersonics,Oregon,2003,1,14,14,SSS
Reece Gaines,Orlando Magic,Louisville,2003,1,15,15,ORL
Troy Bell,Boston Celtics,Boston College,2003,1,16,16,BOS
Zarko Cabarkapa,Phoenix Suns,KK Buducnost Podgorica (Montenegro),2003,1,17,17,PHX
David West,New Orleans Hornets,Xavier,2003,1,18,18,NOP
Sasha Pavlovic,Utah Jazz,KK Buducnost Podgorica (Montenegro),2003,1,19,19,UTA
Dahntay Jones,Boston Celtics,Duke,2003,1,20,20,BOS
Boris Diaw,Atlanta Hawks,Elan Bearnais Pau-Orthez (France),2003,1,21,21,ATL
Zoran Planinic,New Jersey Nets,KK Cibona (Croatia),2003,1,22,22,NJN
Travis Outlaw,Portland Trail Blazers,Starkville,2003,1,23,23,POR
Brian Cook,Los Angeles Lakers,Illinois,2003,1,24,24,LAL
Carlos Delfino,Detroit Pistons,Fortitudo Pallacanestro Bologna (Italy),2003,1,25,25,DET
Ndudi Ebi,Minnesota Timberwolves,Westbury Christian School,2003,1,26,26,MIN
Kendrick Perkins,Memphis Grizzlies,Clifton J. Ozen,2003,1,27,27,MEM
Leandro Barbosa,San Antonio Spurs,Associacao Bauru Basketball Team (Brazil),2003,1,28,28,SAS
Josh Howard,Dallas Mavericks,Wake Forest,2003,1,29,29,DAL
Maciej Lampe,New York Knicks,Madrid (ESP),2003,2,1,30,NYK
Jason Kapono,Cleveland Cavaliers,California-Los Angeles,2003,2,2,31,CLE
Luke Walton,Los Angeles Lakers,Arizona,2003,2,3,32,LAL
Jerome Beasley,Miami Heat,North Dakota,2003,2,4,33,MIA
Sofoklis Schortsanitis,Los Angeles Clippers,Iraklis Thessaloniki B.C. (Greece),2003,2,5,34,LAC
Szymon Szewczyk,Milwaukee Bucks,Basketball Lowen Braunschweig (Germany),2003,2,6,35,MIL
Mario Austin,Chicago Bulls,Mississippi State,2003,2,7,36,CHI
Travis Hansen,Atlanta Hawks,Brigham Young,2003,2,8,37,ATL
Steve Blake,Washington Wizards,Maryland,2003,2,9,38,WAS
Slavko Vranes,New York Knicks,KK Buducnost Podgorica (Montenegro),2003,2,10,39,NYK
Derrick Zimmerman,Golden State Warriors,Mississippi State,2003,2,11,40,GSW
Willie Green,Seattle Supersonics,Detroit Mercy,2003,2,12,41,SSS
Zaza Pachulia,Orlando Magic,Ulkerspor (Turkey),2003,2,13,42,ORL
Keith Bogans,Milwaukee Bucks,Kentucky,2003,2,14,43,MIL
Malick Badiane,Houston Rockets,TV Langen (Germany),2003,2,15,44,HOU
Matt Bonner,Chicago Bulls,Florida,2003,2,16,45,CHI
Sani Becirovic,Denver Nuggets,Virtus Pallacanestro Bologna (Italy),2003,2,17,46,DEN
Mo Williams,Utah Jazz,Alabama,2003,2,18,47,UTA
James Lang,New Orleans Hornets,Central Park Christian,2003,2,19,48,NOP
James Jones,Indiana Pacers,Miami (FL),2003,2,20,49,IND
Paccelis Morlende,Philadelphia 76Ers,JDA Dijon Basket (France),2003,2,21,50,PHI
Kyle Korver,New Jersey Nets,Creighton,2003,2,22,51,NJN
Remon Van de Hare,Toronto Raptors,FC Barcelona Basquet (Spain),2003,2,23,52,TOR
Tommy Smith,Chicago Bulls,Arizona State,2003,2,24,53,CHI
Nedzad Sinanovic,Portland Trail Blazers,HKK Brotnjo (Bosnia and Herzegovina),2003,2,25,54,POR
Rick Rickert,Minnesota Timberwolves,Minnesota,2003,2,26,55,MIN
Brandon Hunter,Boston Celtics,Ohio,2003,2,27,56,BOS
Xue Yuyang,Dallas Mavericks,Hong Kong Flying Dragons (China),2003,2,28,57,DAL
Andreas Glyniadakis,Detroit Pistons,A.E.K. Athens B.C. (Greece),2003,2,29,58,DET
Yao Ming,Houston Rockets,Shanghai Sharks (China),2002,1,1,1,HOU
Jay Williams,Chicago Bulls,Duke,2002,1,2,2,CHI
Mike Dunleavy,Golden State Warriors,Duke,2002,1,3,3,GSW
Drew Gooden,Memphis Grizzlies,Kansas,2002,1,4,4,MEM
Nikoloz Tskitishvili,Denver Nuggets,Universo Treviso Basket (Italy),2002,1,5,5,DEN
Dajuan Wagner,Cleveland Cavaliers,Memphis,2002,1,6,6,CLE
Nene,New York Knicks,CR Vasco da Gama (Brazil),2002,1,7,7,NYK
Chris Wilcox,Los Angeles Clippers,Maryland,2002,1,8,8,LAC
Amar'e Stoudemire,Phoenix Suns,Cypress Creek,2002,1,9,9,PHX
Caron Butler,Miami Heat,Connecticut,2002,1,10,10,MIA
Jared Jeffries,Washington Wizards,Indiana,2002,1,11,11,WAS
Melvin Ely,Los Angeles Clippers,Fresno State,2002,1,12,12,LAC
Marcus Haislip,Milwaukee Bucks,Tennessee,2002,1,13,13,MIL
Fred Jones,Indiana Pacers,Oregon,2002,1,14,14,IND
Bostjan Nachbar,Houston Rockets,Universo Treviso Basket (Italy),2002,1,15,15,HOU
Jiri Welsch,Philadelphia 76Ers,KK Olimpija (Slovenia),2002,1,16,16,PHI
Juan Dixon,Washington Wizards,Maryland,2002,1,17,17,WAS
Curtis Borchardt,Orlando Magic,Stanford,2002,1,18,18,ORL
Ryan Humphrey,Utah Jazz,Notre Dame,2002,1,19,19,UTA
Kareem Rush,Toronto Raptors,Missouri,2002,1,20,20,TOR
Qyntel Woods,Portland Trail Blazers,Northeast Mississippi Community College,2002,1,21,21,POR
Casey Jacobsen,Phoenix Suns,Stanford,2002,1,22,22,PHX
Tayshaun Prince,Detroit Pistons,Kentucky,2002,1,23,23,DET
Nenad Krstic,New Jersey Nets,KK Partizan (Serbia),2002,1,24,24,NJN
Frank Williams,Denver Nuggets,Illinois,2002,1,25,25,DEN
John Salmons,San Antonio Spurs,Miami (FL),2002,1,26,26,SAS
Chris Jefferies,Los Angeles Lakers,Fresno State,2002,1,27,27,LAL
Dan Dickau,Sacramento Kings,Gonzaga,2002,1,28,28,SAC
Steve Logan,Golden State Warriors,Cincinnati,2002,2,1,29,GSW
Roger Mason Jr.,Chicago Bulls,Virginia,2002,2,2,30,CHI
Robert Archibald,Memphis Grizzlies,Illinois,2002,2,3,31,MEM
Vincent Yarbrough,Denver Nuggets,Tennessee,2002,2,4,32,DEN
Dan Gadzuric,Milwaukee Bucks,California-Los Angeles,2002,2,5,33,MIL
Carlos Boozer,Cleveland Cavaliers,Duke,2002,2,6,34,CLE
Milos Vujanic,New York Knicks,KK Partizan (Serbia),2002,2,7,35,NYK
David Andersen,Atlanta Hawks,Virtus Pallacanestro Bologna (Italy),2002,2,8,36,ATL
Tito Maddox,Houston Rockets,Fresno State,2002,2,9,37,HOU
Rod Grizzard,Washington Wizards,Alabama,2002,2,10,38,WAS
Juan Carlos Navarro,Washington Wizards,FC Barcelona Basquet (Spain),2002,2,11,39,WAS
Mario Kasun,Los Angeles Clippers,Skyliners Frankfurt (Germany),2002,2,12,40,LAC
Flip Murray,Milwaukee Bucks,Shaw,2002,2,13,41,MIL
Jason Jennings,Portland Trail Blazers,Arkansas State,2002,2,14,42,POR
Lonny Baxter,Chicago Bulls,Maryland,2002,2,15,43,CHI
Sam Clancy,Philadelphia 76Ers,Southern California,2002,2,16,44,PHI
Matt Barnes,Memphis Grizzlies,California-Los Angeles,2002,2,17,45,MEM
Jamal Sampson,Utah Jazz,California,2002,2,18,46,UTA
Chris Owens,Milwaukee Bucks,Texas,2002,2,19,47,MIL
Peter Fehse,Seattle Supersonics,SV Halle (Germany),2002,2,20,48,SSS
Darius Songaila,Boston Celtics,Wake Forest,2002,2,21,49,BOS
Federico Kammerichs,Portland Trail Blazers,Club Ourense Baloncesto (Spain),2002,2,22,50,POR
Marcus Taylor,Minnesota Timberwolves,Michigan State,2002,2,23,51,MIN
Rasual Butler,Miami Heat,La Salle,2002,2,24,52,MIA
Tamar Slay,New Jersey Nets,Marshall,2002,2,25,53,NJN
Mladen Sekularac,Dallas Mavericks,KK FMP (Serbia),2002,2,26,54,DAL
Luis Scola,San Antonio Spurs,Saski Baskonia (Spain),2002,2,27,55,SAS
Randy Holcomb,San Antonio Spurs,San Diego State,2002,2,28,56,SAS
Corsley Edwards,Sacramento Kings,Central Connecticut State,2002,2,29,57,SAC
Kwame Brown,Washington Wizards,Glynn Academy,2001,1,1,1,WAS
Tyson Chandler,Los Angeles Clippers,Dominguez,2001,1,2,2,LAC
Pau Gasol,Atlanta Hawks,FC Barcelona Basquet (Spain),2001,1,3,3,ATL
Eddy Curry,Chicago Bulls,Thornwood,2001,1,4,4,CHI
Jason Richardson,Golden State Warriors,Michigan State,2001,1,5,5,GSW
Shane Battier,Memphis Grizzlies,Duke,2001,1,6,6,MEM
Eddie Griffin,New Jersey Nets,Seton Hall,2001,1,7,7,NJN
DeSagana Diop,Cleveland Cavaliers,Oak Hill Academy,2001,1,8,8,CLE
Rodney White,Detroit Pistons,North Carolina-Charlotte,2001,1,9,9,DET
Joe Johnson,Boston Celtics,Arkansas,2001,1,10,10,BOS
Kedrick Brown,Boston Celtics,Northwest Florida State,2001,1,11,11,BOS
Vladimir Radmanovic,Seattle Supersonics,KK FMP (Serbia),2001,1,12,12,SSS
Richard Jefferson,Houston Rockets,Arizona,2001,1,13,13,HOU
Troy Murphy,Golden State Warriors,Notre Dame,2001,1,14,14,GSW
Steven Hunter,Orlando Magic,DePaul,2001,1,15,15,ORL
Kirk Haston,Charlotte Hornets,Indiana,2001,1,16,16,CHA
Michael Bradley,Toronto Raptors,Villanova,2001,1,17,17,TOR
Jason Collins,Houston Rockets,Stanford,2001,1,18,18,HOU
Zach Randolph,Portland Trail Blazers,Michigan State,2001,1,19,19,POR
Brendan Haywood,Cleveland Cavaliers,North Carolina,2001,1,20,20,CLE
Joseph Forte,Boston Celtics,North Carolina,2001,1,21,21,BOS
Jeryl Sasser,Orlando Magic,Southern Methodist,2001,1,22,22,ORL
Brandon Armstrong,Houston Rockets,Pepperdine,2001,1,23,23,HOU
Raul Lopez,Utah Jazz,Real Madrid Baloncesto (Spain),2001,1,24,24,UTA
Gerald Wallace,Sacramento Kings,Alabama,2001,1,25,25,SAC
Samuel Dalembert,Philadelphia 76Ers,Seton Hall,2001,1,26,26,PHI
Jamaal Tinsley,Memphis Grizzlies,Iowa State,2001,1,27,27,MEM
Tony Parker,San Antonio Spurs,Paris Basket Racing (France),2001,1,28,28,SAS
Trenton Hassell,Chicago Bulls,Austin Peay,2001,2,1,29,CHI
Gilbert Arenas,Golden State Warriors,Arizona,2001,2,2,30,GSW
Omar Cook,Orlando Magic,St. John's (NY),2001,2,3,31,ORL
Will Solomon,Memphis Grizzlies,Clemson,2001,2,4,32,MEM
Terence Morris,Atlanta Hawks,Maryland,2001,2,5,33,ATL
Brian Scalabrine,New Jersey Nets,Southern California,2001,2,6,34,NJN
Jeff Trepagnier,Cleveland Cavaliers,Southern California,2001,2,7,35,CLE
Damone Brown,Philadelphia 76Ers,Syracuse,2001,2,8,36,PHI
Mehmet Okur,Detroit Pistons,Anadolu Efes S.K. (Turkey),2001,2,9,37,DET
Michael Wright,New York Knicks,Arizona,2001,2,10,38,NYK
Earl Watson,Seattle Supersonics,California-Los Angeles,2001,2,11,39,SSS
Jamison Brewer,Indiana Pacers,Auburn,2001,2,12,40,IND
Bobby Simmons,Seattle Supersonics,DePaul,2001,2,13,41,SSS
Eric Chenowith,New York Knicks,Kansas,2001,2,14,42,NYK
Kyle Hill,Dallas Mavericks,Eastern Illinois,2001,2,15,43,DAL
Sean Lampley,Chicago Bulls,California,2001,2,16,44,CHI
Loren Woods,Minnesota Timberwolves,Arizona,2001,2,17,45,MIN
Ousmane Cisse,Denver Nuggets,St. Jude Educational Institute,2001,2,18,46,DEN
Antonis Fotsis,Memphis Grizzlies,Panathinaikos B.C. (Greece),2001,2,19,47,MEM
Ken Johnson,Miami Heat,Ohio State,2001,2,20,48,MIA
Ruben Boumtje-Boumtje,Portland Trail Blazers,Georgetown,2001,2,21,49,POR
Alton Ford,Phoenix Suns,Houston,2001,2,22,50,PHX
Andre Hutson,Milwaukee Bucks,Michigan State,2001,2,23,51,MIL
Jarron Collins,Utah Jazz,Stanford,2001,2,24,52,UTA
Kenny Satterfield,Dallas Mavericks,Cincinnati,2001,2,25,53,DAL
Maurice Jeffers,Sacramento Kings,Saint Louis,2001,2,26,54,SAC
Robertas Javtokas,San Antonio Spurs,BC Lietuvos rytas (Lithuania),2001,2,27,55,SAS
Alvin Jones,Philadelphia 76Ers,Georgia Tech,2001,2,28,56,PHI
Bryan Bracey,San Antonio Spurs,Oregon,2001,2,29,57,SAS
Kenyon Martin,New Jersey Nets,Cincinnati,2000,1,1,1,NJN
Stromile Swift,Vancouver Grizzlies,Louisiana State,2000,1,2,2,VAN
Darius Miles,Los Angeles Clippers,East St. Louis,2000,1,3,3,LAC
Marcus Fizer,Chicago Bulls,Iowa State,2000,1,4,4,CHI
Mike Miller,Orlando Magic,Florida,2000,1,5,5,ORL
DerMarr Johnson,Atlanta Hawks,Cincinnati,2000,1,6,6,ATL
Chris Mihm,Chicago Bulls,Texas,2000,1,7,7,CHI
Jamal Crawford,Cleveland Cavaliers,Michigan,2000,1,8,8,CLE
Joel Przybilla,Houston Rockets,Minnesota,2000,1,9,9,HOU
Keyon Dooling,Orlando Magic,Missouri,2000,1,10,10,ORL
Jerome Moiso,Boston Celtics,California-Los Angeles,2000,1,11,11,BOS
Etan Thomas,Dallas Mavericks,Syracuse,2000,1,12,12,DAL
Courtney Alexander,Orlando Magic,Fresno State,2000,1,13,13,ORL
Mateen Cleaves,Detroit Pistons,Michigan State,2000,1,14,14,DET
Jason Collier,Milwaukee Bucks,Georgia Tech,2000,1,15,15,MIL
Hedo Turkoglu,Sacramento Kings,Anadolu Efes S.K. (Turkey),2000,1,16,16,SAC
Desmond Mason,Seattle Supersonics,Oklahoma State,2000,1,17,17,SSS
Quentin Richardson,Los Angeles Clippers,DePaul,2000,1,18,18,LAC
Jamaal Magloire,Charlotte Hornets,Kentucky,2000,1,19,19,CHA
Speedy Claxton,Philadelphia 76Ers,Hofstra,2000,1,20,20,PHI
Morris Peterson,Toronto Raptors,Michigan State,2000,1,21,21,TOR
Donnell Harvey,New York Knicks,Florida,2000,1,22,22,NYK
DeShawn Stevenson,Utah Jazz,Washington Union,2000,1,23,23,UTA
Dalibor Bagaric,Chicago Bulls,KK Dubrava (Croatia),2000,1,24,24,CHI
Jake Tsakalidis,Phoenix Suns,A.E.K. Athens B.C. (Greece),2000,1,25,25,PHX
Mamadou N'diaye,Denver Nuggets,Auburn,2000,1,26,26,DEN
Primoz Brezec,Indiana Pacers,KK Olimpija (Slovenia),2000,1,27,27,IND
Erick Barkley,Portland Trail Blazers,St. John's (NY),2000,1,28,28,POR
Mark Madsen,Los Angeles Lakers,Stanford,2000,1,29,29,LAL
Marko Jaric,Los Angeles Clippers,Fortitudo Pallacanestro Bologna (Italy),2000,2,1,30,LAC
Dan Langhi,Dallas Mavericks,Vanderbilt,2000,2,2,31,DAL
A.J. Guyton,Chicago Bulls,Indiana,2000,2,3,32,CHI
Jake Voskuhl,Chicago Bulls,Connecticut,2000,2,4,33,CHI
Khalid El-Amin,Chicago Bulls,Connecticut,2000,2,5,34,CHI
Mike Smith,Washington Wizards,Louisiana-Monroe,2000,2,6,35,WAS
Soumaila Samake,New Jersey Nets,Cincinnati Stuff (IBL),2000,2,7,36,NJN
Eddie House,Miami Heat,Arizona State,2000,2,8,37,MIA
Eduardo Najera,Houston Rockets,Oklahoma,2000,2,9,38,HOU
Lavor Postell,New York Knicks,St. John's (NY),2000,2,10,39,NYK
Hanno Mottola,Atlanta Hawks,Utah,2000,2,11,40,ATL
Chris Carrawell,San Antonio Spurs,Duke,2000,2,12,41,SAS
Olumide Oyedeji,Seattle Supersonics,DJK Wurzburg (Germany),2000,2,13,42,SSS
Michael Redd,Milwaukee Bucks,Ohio State,2000,2,14,43,MIL
Brian Cardinal,Detroit Pistons,Purdue,2000,2,15,44,DET
Jabari Smith,Sacramento Kings,Louisiana State,2000,2,16,45,SAC
DeeAndre Hulett,Toronto Raptors,Las Vegas Silver Bandits (IBL),2000,2,17,46,TOR
Josip Sesar,Seattle Supersonics,KK Cibona (Croatia),2000,2,18,47,SSS
Mark Karcher,Philadelphia 76Ers,Temple,2000,2,19,48,PHI
Jason Hart,Milwaukee Bucks,Syracuse,2000,2,20,49,MIL
Kaniel Dickens,Utah Jazz,Idaho,2000,2,21,50,UTA
Igor Rakocevic,Minnesota Timberwolves,Red Star Belgrade (Serbia),2000,2,22,51,MIN
Ernest Brown,Miami Heat,Indian Hills Community College,2000,2,23,52,MIA
Dan McClintock,Denver Nuggets,Northern Arizona,2000,2,24,53,DEN
Cory Hightower,San Antonio Spurs,Indian Hills Community College,2000,2,25,54,SAS
Chris Porter,Golden State Warriors,Auburn,2000,2,26,55,GSW
Jaquay Walls,Indiana Pacers,Colorado,2000,2,27,56,IND
Scoonie Penn,Atlanta Hawks,Ohio State,2000,2,28,57,ATL
Pete Mickeal,Dallas Mavericks,Cincinnati,2000,2,29,58,DAL
